/*!999999\- enable the sandbox mode */ 
-- MariaDB dump 10.19  Distrib 10.11.8-MariaDB, for debian-linux-gnu (x86_64)
--
-- Host: localhost    Database: magicbike
-- ------------------------------------------------------
-- Server version	10.11.8-MariaDB-0ubuntu0.24.04.1

/*!40101 SET @OLD_CHARACTER_SET_CLIENT=@@CHARACTER_SET_CLIENT */;
/*!40101 SET @OLD_CHARACTER_SET_RESULTS=@@CHARACTER_SET_RESULTS */;
/*!40101 SET @OLD_COLLATION_CONNECTION=@@COLLATION_CONNECTION */;
/*!40101 SET NAMES utf8mb4 */;
/*!40103 SET @OLD_TIME_ZONE=@@TIME_ZONE */;
/*!40103 SET TIME_ZONE='+00:00' */;
/*!40014 SET @OLD_UNIQUE_CHECKS=@@UNIQUE_CHECKS, UNIQUE_CHECKS=0 */;
/*!40014 SET @OLD_FOREIGN_KEY_CHECKS=@@FOREIGN_KEY_CHECKS, FOREIGN_KEY_CHECKS=0 */;
/*!40101 SET @OLD_SQL_MODE=@@SQL_MODE, SQL_MODE='NO_AUTO_VALUE_ON_ZERO' */;
/*!40111 SET @OLD_SQL_NOTES=@@SQL_NOTES, SQL_NOTES=0 */;

--
-- Current Database: `magicbike`
--

CREATE DATABASE /*!32312 IF NOT EXISTS*/ `magicbike` /*!40100 DEFAULT CHARACTER SET utf8mb4 COLLATE utf8mb4_general_ci */;

USE `magicbike`;

--
-- Table structure for table `bank`
--

DROP TABLE IF EXISTS `bank`;
/*!40101 SET @saved_cs_client     = @@character_set_client */;
/*!40101 SET character_set_client = utf8 */;
CREATE TABLE `bank` (
  `id` int(11) NOT NULL AUTO_INCREMENT,
  `cashisking` decimal(10,2) NOT NULL DEFAULT 0.00,
  PRIMARY KEY (`id`)
) ENGINE=InnoDB DEFAULT CHARSET=utf8mb4 COLLATE=utf8mb4_general_ci;
/*!40101 SET character_set_client = @saved_cs_client */;

--
-- Dumping data for table `bank`
--

LOCK TABLES `bank` WRITE;
/*!40000 ALTER TABLE `bank` DISABLE KEYS */;
/*!40000 ALTER TABLE `bank` ENABLE KEYS */;
UNLOCK TABLES;

--
-- Table structure for table `bank_log`
--

DROP TABLE IF EXISTS `bank_log`;
/*!40101 SET @saved_cs_client     = @@character_set_client */;
/*!40101 SET character_set_client = utf8 */;
CREATE TABLE `bank_log` (
  `id` int(11) NOT NULL AUTO_INCREMENT,
  `log_time` timestamp NULL DEFAULT NULL,
  `log_data` varchar(255) DEFAULT NULL,
  PRIMARY KEY (`id`),
  CONSTRAINT `bank_log_ibfk_1` FOREIGN KEY (`id`) REFERENCES `bank` (`id`)
) ENGINE=InnoDB DEFAULT CHARSET=utf8mb4 COLLATE=utf8mb4_general_ci;
/*!40101 SET character_set_client = @saved_cs_client */;

--
-- Dumping data for table `bank_log`
--

LOCK TABLES `bank_log` WRITE;
/*!40000 ALTER TABLE `bank_log` DISABLE KEYS */;
/*!40000 ALTER TABLE `bank_log` ENABLE KEYS */;
UNLOCK TABLES;

--
-- Table structure for table `bike`
--

DROP TABLE IF EXISTS `bike`;
/*!40101 SET @saved_cs_client     = @@character_set_client */;
/*!40101 SET character_set_client = utf8 */;
CREATE TABLE `bike` (
  `id` int(11) NOT NULL AUTO_INCREMENT,
  `bike_status` tinyint(1) NOT NULL DEFAULT 1,
  `gps` varchar(255) DEFAULT NULL,
  `city` int(11) DEFAULT NULL,
  `battery` int(11) DEFAULT 100,
  `status` int(11) DEFAULT 0,
  `currentuser` int(11) DEFAULT NULL,
  PRIMARY KEY (`id`),
  KEY `currentuser` (`currentuser`),
  KEY `city` (`city`),
  KEY `bike_gps_index` (`gps`),
  CONSTRAINT `bike_ibfk_1` FOREIGN KEY (`currentuser`) REFERENCES `users` (`id`),
  CONSTRAINT `bike_ibfk_2` FOREIGN KEY (`city`) REFERENCES `city` (`id`)
) ENGINE=InnoDB AUTO_INCREMENT=1024 DEFAULT CHARSET=utf8mb4 COLLATE=utf8mb4_general_ci;
/*!40101 SET character_set_client = @saved_cs_client */;

--
-- Dumping data for table `bike`
--

LOCK TABLES `bike` WRITE;
/*!40000 ALTER TABLE `bike` DISABLE KEYS */;
INSERT INTO `bike` VALUES
(1,1,'9F8Q5H6P+QP',1,66,0,NULL),
(2,1,'9F8Q5H6P+GV',1,7,1,NULL),
(3,1,'9F8Q5H6P+GG',1,76,0,NULL),
(4,1,'9F8Q5H6P+JQ',1,89,0,NULL),
(5,1,'9F8Q5H6P+GR',1,27,0,NULL),
(6,1,'9F8Q5H6P+XC',1,26,0,NULL),
(7,1,'9F8Q5H6P+FQ',1,42,0,NULL),
(8,1,'9F8Q5H6P+MP',1,85,0,NULL),
(9,1,'9F8Q5H6P+CM',1,66,0,NULL),
(10,1,'9F8Q5H6P+XC',1,84,0,NULL),
(11,1,'9F8Q5H6P+MP',1,59,0,NULL),
(12,1,'9F8Q5H6P+HQ',1,82,0,NULL),
(13,1,'9F8Q5H6P+HC',1,25,0,NULL),
(14,1,'9F8Q5H6P+7P',1,14,1,NULL),
(15,1,'9F8Q5H6P+VG',1,41,0,NULL),
(16,1,'9F8Q5H6P+PJ',1,32,0,NULL),
(17,1,'9F8Q5H6P+W6',1,29,0,NULL),
(18,1,'9F8Q5H6P+HR',1,0,1,NULL),
(19,1,'9F8Q5H6P+FV',1,23,0,NULL),
(20,1,'9F8Q5H6P+8P',1,95,0,NULL),
(21,1,'9F8Q5H6P+R8',1,6,1,NULL),
(22,1,'9F8Q5H6P+J6',1,53,0,NULL),
(23,1,'9F8Q5H6P+M8',1,73,0,NULL),
(24,1,'9F8Q5H6P+HR',1,7,1,NULL),
(25,1,'9F8Q5H6P+HQ',1,46,0,NULL),
(26,1,'9F8Q5H6P+JF',1,30,0,NULL),
(27,1,'9F8Q5H6P+GV',1,86,0,NULL),
(28,1,'9F8Q5H6P+HX',1,12,1,NULL),
(29,1,'9F8Q5H6P+JC',1,65,0,NULL),
(30,1,'9F8Q5H6P+JW',1,58,0,NULL),
(31,1,'9F8Q5H6P+JW',1,37,0,NULL),
(32,1,'9F8Q5H6P+P5',1,41,0,NULL),
(33,1,'9F8Q5H6P+CR',1,92,0,NULL),
(34,1,'9F8Q5H6P+8H',1,18,1,NULL),
(35,1,'9F8Q5H6P+GJ',1,57,0,NULL),
(36,1,'9F8Q5H6P+FV',1,5,1,NULL),
(37,1,'9F8Q5H6P+WG',1,27,0,NULL),
(38,1,'9F8Q5H6P+PR',1,79,0,NULL),
(39,1,'9F8Q5H6P+RJ',1,28,0,NULL),
(40,1,'9F8Q5H6P+WG',1,34,0,NULL),
(41,1,'9F8Q5H6P+8Q',1,58,0,NULL),
(42,1,'9F8Q5H6P+GP',1,80,0,NULL),
(43,1,'9F8Q5H6P+QQ',1,13,1,NULL),
(44,1,'9F8Q5H6P+PH',1,76,0,NULL),
(45,1,'9F8Q5H6P+7R',1,91,0,NULL),
(46,1,'9F8Q5H6P+JC',1,48,0,NULL),
(47,1,'9F8Q5H6P+VP',1,95,0,NULL),
(48,1,'9F8Q5H6P+JQ',1,28,0,NULL),
(49,1,'9F8Q5H6P+MQ',1,86,0,NULL),
(50,1,'9F8Q5H6P+HJ',1,74,0,NULL),
(51,1,'9F8Q5H6P+QC',1,25,0,NULL),
(52,1,'9F8Q5H6P+MP',1,45,0,NULL),
(53,1,'9F8Q5H6P+JJ',1,56,0,NULL),
(54,1,'9F8Q5H6P+HQ',1,31,0,NULL),
(55,1,'9F8Q5H6P+XJ',1,47,0,NULL),
(56,1,'9F8Q5H6P+JW',1,15,1,NULL),
(57,1,'9F8Q5H6P+FJ',1,96,0,NULL),
(58,1,'9F8Q5H6P+MJ',1,89,0,NULL),
(59,1,'9F8Q5H6P+HV',1,28,0,NULL),
(60,1,'9F8Q5H6P+RR',1,61,0,NULL),
(61,1,'9F8Q5H6P+GG',1,72,0,NULL),
(62,1,'9F8Q5H6P+HJ',1,20,1,NULL),
(63,1,'9F8Q5H6P+VH',1,52,0,NULL),
(64,1,'9F8Q5H6P+CP',1,80,0,NULL),
(65,1,'9F8Q5H6P+JC',1,87,0,NULL),
(66,1,'9F8Q5H6P+M9',1,51,0,NULL),
(67,1,'9F8Q5H6P+FJ',1,82,0,NULL),
(68,1,'9F8Q5H6P+GG',1,24,0,NULL),
(69,1,'9F8Q5H6P+FV',1,8,1,NULL),
(70,1,'9F8Q5H6P+RG',1,73,0,NULL),
(71,1,'9F8Q5H6P+MG',1,89,0,NULL),
(72,1,'9F8Q5H6P+QR',1,84,0,NULL),
(73,1,'9F8Q5H6P+8V',1,86,0,NULL),
(74,1,'9F8Q5H6P+8Q',1,37,0,NULL),
(75,1,'9F8Q5H6P+9R',1,48,0,NULL),
(76,1,'9F8Q5H6P+PM',1,97,0,NULL),
(77,1,'9F8Q5H6P+HV',1,63,0,NULL),
(78,1,'9F8Q5H6P+GW',1,54,0,NULL),
(79,1,'9F8Q5H6P+GQ',1,21,0,NULL),
(80,1,'9F8Q5H6P+GW',1,67,0,NULL),
(81,1,'9F8Q5H6P+RQ',1,28,0,NULL),
(82,1,'9F8Q5H6P+R5',1,1,1,NULL),
(83,1,'9F8Q5H6P+QR',1,70,0,NULL),
(84,1,'9F8Q5H6P+HM',1,74,0,NULL),
(85,1,'9F8Q5H6P+PR',1,38,0,NULL),
(86,1,'9F8Q5H6P+HR',1,71,0,NULL),
(87,1,'9F8Q5H6P+RG',1,46,0,NULL),
(88,1,'9F8Q5H6P+QQ',1,17,1,NULL),
(89,1,'9F8Q5H6P+XH',1,33,0,NULL),
(90,1,'9F8Q5H6P+JC',1,65,0,NULL),
(91,1,'9F8Q5H6P+PF',1,46,0,NULL),
(92,1,'9F8Q5H6P+QC',1,65,0,NULL),
(93,1,'9F8Q5H6P+RQ',1,61,0,NULL),
(94,1,'9F8Q5H6P+HG',1,25,0,NULL),
(95,1,'9F8Q5H6P+R9',1,89,0,NULL),
(96,1,'9F8Q5H6P+GW',1,45,0,NULL),
(97,1,'9F8Q5H6P+RM',1,40,0,NULL),
(98,1,'9F8Q5H6P+V6',1,89,0,NULL),
(99,1,'9F8Q5H6P+QC',1,52,0,NULL),
(100,1,'9F8Q5H6P+QG',1,18,1,NULL),
(101,1,'9F8Q5H6P+MG',1,50,0,NULL),
(102,1,'9F8Q5H6P+MH',1,36,0,NULL),
(103,1,'9F8Q5H6P+GJ',1,43,0,NULL),
(104,1,'9F8Q5H6P+Q9',1,15,1,NULL),
(105,1,'9F8Q5H6P+JC',1,45,0,NULL),
(106,1,'9F8Q5H6P+XC',1,44,0,NULL),
(107,1,'9F8Q5H6P+CQ',1,6,1,NULL),
(108,1,'9F8Q5H6P+HM',1,60,0,NULL),
(109,1,'9F8Q5H6P+WH',1,53,0,NULL),
(110,1,'9F8Q5H6P+WH',1,1,1,NULL),
(111,1,'9F8Q5H6P+JX',1,68,0,NULL),
(112,1,'9F8Q5H6P+J9',1,67,0,NULL),
(113,1,'9F8Q5H6P+P6',1,91,0,NULL),
(114,1,'9F8Q5H6P+MH',1,91,0,NULL),
(115,1,'9F8Q5H6P+FM',1,29,0,NULL),
(116,1,'9F8Q5H6P+GV',1,42,0,NULL),
(117,1,'9F8Q5H6P+PP',1,60,0,NULL),
(118,1,'9F8Q5H6P+FJ',1,35,0,NULL),
(119,1,'9F8Q5H6P+QC',1,90,0,NULL),
(120,1,'9F8Q5H6P+FW',1,59,0,NULL),
(121,1,'9F8Q5H6P+FM',1,16,1,NULL),
(122,1,'9F8Q5H6P+JC',1,11,1,NULL),
(123,1,'9F8Q5H6P+7X',1,74,0,NULL),
(124,1,'9F8Q5H6P+XJ',1,75,0,NULL),
(125,1,'9F8Q5H6P+GM',1,42,0,NULL),
(126,1,'9F8Q5H6P+HV',1,92,0,NULL),
(127,1,'9F8Q5H6P+8J',1,86,0,NULL),
(128,1,'9F8Q5H6P+FV',1,100,0,NULL),
(129,1,'9F8Q5H6P+VM',1,25,0,NULL),
(130,1,'9F8Q5H6P+8W',1,25,0,NULL),
(131,1,'9F8Q5H6P+QJ',1,55,0,NULL),
(132,1,'9F8Q5H6P+MP',1,49,0,NULL),
(133,1,'9F8Q5H6P+MQ',1,83,0,NULL),
(134,1,'9F8Q5H6P+Q8',1,23,0,NULL),
(135,1,'9F8Q5H6P+MH',1,17,1,NULL),
(136,1,'9F8Q5H6P+WC',1,31,0,NULL),
(137,1,'9F8Q5H6P+JF',1,95,0,NULL),
(138,1,'9F8Q5H6P+JH',1,43,0,NULL),
(139,1,'9F8Q5H6P+VG',1,31,0,NULL),
(140,1,'9F8Q5H6P+RV',1,87,0,NULL),
(141,1,'9F8Q5H6P+HJ',1,4,1,NULL),
(142,1,'9F8Q5H6P+PH',1,34,0,NULL),
(143,1,'9F8Q5H6P+JP',1,44,0,NULL),
(144,1,'9F8Q5H6P+QV',1,80,0,NULL),
(145,1,'9F8Q5H6P+PP',1,5,1,NULL),
(146,1,'9F8Q5H6P+GH',1,59,0,NULL),
(147,1,'9F8Q5H6P+X9',1,69,0,NULL),
(148,1,'9F8Q5H6P+M9',1,97,0,NULL),
(149,1,'9F8Q5H6P+FM',1,100,0,NULL),
(150,1,'9F8Q5H6P+MC',1,85,0,NULL),
(151,1,'9F8Q5H6P+XJ',1,15,1,NULL),
(152,1,'9F8Q5H6P+FH',1,77,0,NULL),
(153,1,'9F8Q5H6P+CJ',1,54,0,NULL),
(154,1,'9F8Q5H6P+7M',1,76,0,NULL),
(155,1,'9F8Q5H6P+HH',1,53,0,NULL),
(156,1,'9F8Q5H6P+MQ',1,14,1,NULL),
(157,1,'9F8Q5H6P+RC',1,31,0,NULL),
(158,1,'9F8Q5H6P+FR',1,92,0,NULL),
(159,1,'9F8Q5H6P+RP',1,11,1,NULL),
(160,1,'9F8Q5H6P+8W',1,28,0,NULL),
(161,1,'9F8Q5H6P+8M',1,26,0,NULL),
(162,1,'9F8Q5H6P+HG',1,62,0,NULL),
(163,1,'9F8Q5H6P+RF',1,41,0,NULL),
(164,1,'9F8Q5H6P+8W',1,36,0,NULL),
(165,1,'9F8Q5H6P+XC',1,80,0,NULL),
(166,1,'9F8Q5H6P+HJ',1,100,0,NULL),
(167,1,'9F8Q5H6P+GV',1,55,0,NULL),
(168,1,'9F8Q5H6P+GH',1,21,0,NULL),
(169,1,'9F8Q5H6P+9X',1,96,0,NULL),
(170,1,'9F8Q5H6P+VC',1,79,0,NULL),
(171,1,'9F8Q5H6P+XC',1,30,0,NULL),
(172,1,'9F8Q5H6P+JP',1,88,0,NULL),
(173,1,'9F8Q5H6P+RJ',1,53,0,NULL),
(174,1,'9F8Q5H6P+JH',1,61,0,NULL),
(175,1,'9F8Q5H6P+FP',1,23,0,NULL),
(176,1,'9F8Q5H6P+HV',1,83,0,NULL),
(177,1,'9F8Q5H6P+P6',1,87,0,NULL),
(178,1,'9F8Q5H6P+PJ',1,88,0,NULL),
(179,1,'9F8Q5H6P+W9',1,81,0,NULL),
(180,1,'9F8Q5H6P+R7',1,52,0,NULL),
(181,1,'9F8Q5H6P+HP',1,57,0,NULL),
(182,1,'9F8Q5H6P+P9',1,83,0,NULL),
(183,1,'9F8Q5H6P+CV',1,60,0,NULL),
(184,1,'9F8Q5H6P+FQ',1,81,0,NULL),
(185,1,'9F8Q5H6P+Q7',1,18,1,NULL),
(186,1,'9F8Q5H6P+FJ',1,39,0,NULL),
(187,1,'9F8Q5H6P+WM',1,64,0,NULL),
(188,1,'9F8Q5H6P+CP',1,59,0,NULL),
(189,1,'9F8Q5H6P+Q8',1,81,0,NULL),
(190,1,'9F8Q5H6P+J9',1,47,0,NULL),
(191,1,'9F8Q5H6P+RJ',1,22,0,NULL),
(192,1,'9F8Q5H6P+RM',1,71,0,NULL),
(193,1,'9F8Q5H6P+FM',1,58,0,NULL),
(194,1,'9F8Q5H6P+XF',1,2,1,NULL),
(195,1,'9F8Q5H6P+RH',1,49,0,NULL),
(196,1,'9F8Q5H6P+PQ',1,39,0,NULL),
(197,1,'9F8Q5H6P+JM',1,3,1,NULL),
(198,1,'9F8Q5H6P+JQ',1,67,0,NULL),
(199,1,'9F8Q5H6P+GG',1,78,0,NULL),
(200,1,'9F8Q5H6P+QJ',1,64,0,NULL),
(201,1,'9F8Q5H6P+HV',1,87,0,NULL),
(202,1,'9F8Q5H6P+M8',1,63,0,NULL),
(203,1,'9F8Q5H6P+V9',1,85,0,NULL),
(204,1,'9F8Q5H6P+RP',1,40,0,NULL),
(205,1,'9F8Q5H6P+JQ',1,45,0,NULL),
(206,1,'9F8Q5H6P+QC',1,16,1,NULL),
(207,1,'9F8Q5H6P+MM',1,84,0,NULL),
(208,1,'9F8Q5H6P+8Q',1,9,1,NULL),
(209,1,'9F8Q5H6P+FP',1,49,0,NULL),
(210,1,'9F8Q5H6P+QJ',1,0,1,NULL),
(211,1,'9F8Q5H6P+GW',1,64,0,NULL),
(212,1,'9F8Q5H6P+VF',1,74,0,NULL),
(213,1,'9F8Q5H6P+HM',1,59,0,NULL),
(214,1,'9F8Q5H6P+HV',1,46,0,NULL),
(215,1,'9F8Q5H6P+HM',1,15,1,NULL),
(216,1,'9F8Q5H6P+QM',1,50,0,NULL),
(217,1,'9F8Q5H6P+JJ',1,19,1,NULL),
(218,1,'9F8Q5H6P+GW',1,84,0,NULL),
(219,1,'9F8Q5H6P+GR',1,50,0,NULL),
(220,1,'9F8Q5H6P+8R',1,50,0,NULL),
(221,1,'9F8Q5H6P+8P',1,15,1,NULL),
(222,1,'9F8Q5H6P+WJ',1,26,0,NULL),
(223,1,'9F8Q5H6P+FW',1,83,0,NULL),
(224,1,'9F8Q5H6P+HW',1,68,0,NULL),
(225,1,'9F8Q5H6P+FW',1,33,0,NULL),
(226,1,'9F8Q5H6P+PP',1,86,0,NULL),
(227,1,'9F8Q5H6P+MM',1,33,0,NULL),
(228,1,'9F8Q5H6P+MJ',1,54,0,NULL),
(229,1,'9F8Q5H6P+PF',1,76,0,NULL),
(230,1,'9F8Q5H6P+H9',1,23,0,NULL),
(231,1,'9F8Q5H6P+RH',1,84,0,NULL),
(232,1,'9F8Q5H6P+GJ',1,81,0,NULL),
(233,1,'9F8Q5H6P+JR',1,26,0,NULL),
(234,1,'9F8Q5H6P+QC',1,16,1,NULL),
(235,1,'9F8Q5H6P+WG',1,69,0,NULL),
(236,1,'9F8Q5H6P+MH',1,60,0,NULL),
(237,1,'9F8Q5H6P+Q6',1,23,0,NULL),
(238,1,'9F8Q5H6P+8P',1,37,0,NULL),
(239,1,'9F8Q5H6P+MP',1,35,0,NULL),
(240,1,'9F8Q5H6P+WC',1,83,0,NULL),
(241,1,'9F8Q5H6P+RJ',1,98,0,NULL),
(242,1,'9F8Q5H6P+RJ',1,68,0,NULL),
(243,1,'9F8Q5H6P+MH',1,35,0,NULL),
(244,1,'9F8Q5H6P+HQ',1,75,0,NULL),
(245,1,'9F8Q5H6P+GQ',1,53,0,NULL),
(246,1,'9F8Q5H6P+R9',1,67,0,NULL),
(247,1,'9F8Q5H6P+PQ',1,67,0,NULL),
(248,1,'9F8Q5H6P+MQ',1,96,0,NULL),
(249,1,'9F8Q5H6P+JR',1,67,0,NULL),
(250,1,'9F8Q5H6P+PR',1,62,0,NULL),
(251,1,'9F8Q5H6P+HV',1,21,0,NULL),
(252,1,'9F8Q5H6P+JG',1,20,1,NULL),
(253,1,'9F8Q5H6P+GH',1,64,0,NULL),
(254,1,'9F8Q5H6P+FR',1,35,0,NULL),
(255,1,'9F8Q5H6P+8J',1,71,0,NULL),
(256,1,'9F8Q5H6P+X6',1,6,1,NULL),
(257,1,'9F8Q5H6P+JC',1,72,0,NULL),
(258,1,'9F8Q5H6P+GQ',1,86,0,NULL),
(259,1,'9F8Q5H6P+JM',1,24,0,NULL),
(260,1,'9F8Q5H6P+XM',1,6,1,NULL),
(261,1,'9F8Q5H6P+V9',1,47,0,NULL),
(262,1,'9F8Q5H6P+VC',1,73,0,NULL),
(263,1,'9F8Q5H6P+QG',1,69,0,NULL),
(264,1,'9F8Q5H6P+CX',1,94,0,NULL),
(265,1,'9F8Q5H6P+FM',1,51,0,NULL),
(266,1,'9F8Q5H6P+HH',1,43,0,NULL),
(267,1,'9F8Q5H6P+QJ',1,26,0,NULL),
(268,1,'9F8Q5H6P+HQ',1,20,1,NULL),
(269,1,'9F8Q5H6P+9X',1,20,1,NULL),
(270,1,'9F8Q5H6P+HF',1,48,0,NULL),
(271,1,'9F8Q5H6P+9Q',1,83,0,NULL),
(272,1,'9F8Q5H6P+M6',1,35,0,NULL),
(273,1,'9F8Q5H6P+FM',1,96,0,NULL),
(274,1,'9F8Q5H6P+8V',1,43,0,NULL),
(275,1,'9F8Q5H6P+RJ',1,2,1,NULL),
(276,1,'9F8Q5H6P+VG',1,29,0,NULL),
(277,1,'9F8Q5H6P+WC',1,35,0,NULL),
(278,1,'9F8Q5H6P+JQ',1,32,0,NULL),
(279,1,'9F8Q5H6P+PH',1,87,0,NULL),
(280,1,'9F8Q5H6P+MF',1,64,0,NULL),
(281,1,'9F8Q5H6P+X8',1,62,0,NULL),
(282,1,'9F8Q5H6P+PJ',1,84,0,NULL),
(283,1,'9F8Q5H6P+CQ',1,63,0,NULL),
(284,1,'9F8Q5H6P+9J',1,19,1,NULL),
(285,1,'9F8Q5H6P+PP',1,37,0,NULL),
(286,1,'9F8Q5H6P+JP',1,44,0,NULL),
(287,1,'9F8Q5H6P+W6',1,65,0,NULL),
(288,1,'9F8Q5H6P+QG',1,70,0,NULL),
(289,1,'9F8Q5H6P+7R',1,16,1,NULL),
(290,1,'9F8Q5H6P+JR',1,35,0,NULL),
(291,1,'9F8Q5H6P+MM',1,97,0,NULL),
(292,1,'9F8Q5H6P+CW',1,23,0,NULL),
(293,1,'9F8Q5H6P+WM',1,72,0,NULL),
(294,1,'9F8Q5H6P+JW',1,35,0,NULL),
(295,1,'9F8Q5H6P+RP',1,37,0,NULL),
(296,1,'9F8Q5H6P+HH',1,81,0,NULL),
(297,1,'9F8Q5H6P+W7',1,35,0,NULL),
(298,1,'9F8Q5H6P+RP',1,66,0,NULL),
(299,1,'9F8Q5H6P+MP',1,7,1,NULL),
(300,1,'9F8Q5H6P+QQ',1,83,0,NULL),
(301,1,'9F8Q5H6P+9M',1,30,0,NULL),
(302,1,'9F8Q5H6P+RH',1,46,0,NULL),
(303,1,'9F8Q5H6P+JP',1,63,0,NULL),
(304,1,'9F8Q5H6P+GH',1,79,0,NULL),
(305,1,'9F8Q5H6P+JM',1,4,1,NULL),
(306,1,'9F8Q5H6P+FM',1,80,0,NULL),
(307,1,'9F8Q5H6P+JR',1,51,0,NULL),
(308,1,'9F8Q5H6P+FR',1,29,0,NULL),
(309,1,'9F8Q5H6P+MW',1,6,1,NULL),
(310,1,'9F8Q5H6P+JF',1,45,0,NULL),
(311,1,'9F8Q5H6P+WP',1,31,0,NULL),
(312,1,'9F8Q5H6P+QV',1,80,0,NULL),
(313,1,'9F8Q5H6P+FP',1,70,0,NULL),
(314,1,'9F8Q5H6P+J5',1,16,1,NULL),
(315,1,'9F8Q5H6P+VP',1,20,1,NULL),
(316,1,'9F8Q5H6P+CR',1,42,0,NULL),
(317,1,'9F8Q5H6P+VG',1,72,0,NULL),
(318,1,'9F8Q5H6P+FR',1,91,0,NULL),
(319,1,'9F8Q5H6P+MP',1,56,0,NULL),
(320,1,'9F8Q5H6P+GJ',1,94,0,NULL),
(321,1,'9F8Q5H6P+XH',1,21,0,NULL),
(322,1,'9F8Q5H6P+MR',1,50,0,NULL),
(323,1,'9F8Q5H6P+WG',1,18,1,NULL),
(324,1,'9F8Q5H6P+PG',1,57,0,NULL),
(325,1,'9F8Q5H6P+RM',1,39,0,NULL),
(326,1,'9F8Q5H6P+RJ',1,16,1,NULL),
(327,1,'9F8Q5H6P+PC',1,1,1,NULL),
(328,1,'9F8Q5H6P+W6',1,52,0,NULL),
(329,1,'9F8Q5H6P+VC',1,4,1,NULL),
(330,1,'9F8Q5H6P+MW',1,41,0,NULL),
(331,1,'9F8Q5H6P+HR',1,53,0,NULL),
(332,1,'9F8Q5H6P+PJ',1,42,0,NULL),
(333,1,'9F8Q5H6P+Q9',1,4,1,NULL),
(334,1,'9F7MH2V4+6R',3,18,1,NULL),
(335,1,'9F7MH2V5+22',3,45,0,NULL),
(336,1,'9F7JHXWX+3X',3,52,0,NULL),
(337,1,'9F7MH2Q4+5P',3,33,0,NULL),
(338,1,'9F7JHXWX+6W',3,3,1,NULL),
(339,1,'9F7MH2P4+WP',3,41,0,NULL),
(340,1,'9F7MH2R5+X4',3,56,0,NULL),
(341,1,'9F7MH2Q4+2M',3,41,0,NULL),
(342,1,'9F7MH2V3+P2',3,38,0,NULL),
(343,1,'9F7MH2W3+23',3,85,0,NULL),
(344,1,'9F7MH2Q4+4R',3,78,0,NULL),
(345,1,'9F7JHXWX+7Q',3,73,0,NULL),
(346,1,'9F7MH2P4+RW',3,16,1,NULL),
(347,1,'9F7MH2V5+53',3,75,0,NULL),
(348,1,'9F7MH2R4+VX',3,64,0,NULL),
(349,1,'9F7MH2V4+6X',3,71,0,NULL),
(350,1,'9F7MH2V4+5R',3,35,0,NULL),
(351,1,'9F7MH2V3+P4',3,64,0,NULL),
(352,1,'9F7MH2R5+W5',3,12,1,NULL),
(353,1,'9F7JHXWX+8Q',3,42,0,NULL),
(354,1,'9F7MH2R4+XQ',3,70,0,NULL),
(355,1,'9F7MH2V2+PW',3,23,0,NULL),
(356,1,'9F7MH2V2+RV',3,53,0,NULL),
(357,1,'9F7MH2V2+QV',3,0,1,NULL),
(358,1,'9F7MH2P4+VX',3,78,0,NULL),
(359,1,'9F7MH2W2+54',3,43,0,NULL),
(360,1,'9F7MH2W2+54',3,90,0,NULL),
(361,1,'9F7JHXWX+7X',3,31,0,NULL),
(362,1,'9F7MH2P4+XR',3,27,0,NULL),
(363,1,'9F7MH2W3+34',3,92,0,NULL),
(364,1,'9F7JHXWX+5X',3,64,0,NULL),
(365,1,'9F7MH2V4+4V',3,92,0,NULL),
(366,1,'9F7MH2V3+Q2',3,31,0,NULL),
(367,1,'9F7MH2W2+32',3,3,1,NULL),
(368,1,'9F7MH2V2+WX',3,89,0,NULL),
(369,1,'9F7MH2Q4+3W',3,12,1,NULL),
(370,1,'9F7MH2Q4+5W',3,24,0,NULL),
(371,1,'9F7JHXWX+5V',3,45,0,NULL),
(372,1,'9F7MH2R5+X2',3,59,0,NULL),
(373,1,'9F7MH2V2+PW',3,95,0,NULL),
(374,1,'9F7MH2V4+3W',3,58,0,NULL),
(375,1,'9F7MH2V5+52',3,39,0,NULL),
(376,1,'9F7MH2V2+W2',3,35,0,NULL),
(377,1,'9F7MH2P4+WP',3,91,0,NULL),
(378,1,'9F7JHXVX+XR',3,83,0,NULL),
(379,1,'9F7MH2W2+2X',3,16,1,NULL),
(380,1,'9F7MH2V5+54',3,82,0,NULL),
(381,1,'9F7MH2R4+WV',3,92,0,NULL),
(382,1,'9F7JHXWX+5V',3,81,0,NULL),
(383,1,'9F7MH2V2+QX',3,28,0,NULL),
(384,1,'9F7MH2V4+3V',3,60,0,NULL),
(385,1,'9F7MH2R4+XV',3,40,0,NULL),
(386,1,'9F7MH2P4+XR',3,45,0,NULL),
(387,1,'9F7MH2P4+WW',3,10,1,NULL),
(388,1,'9F7MH2R4+XW',3,79,0,NULL),
(389,1,'9F7MH2V2+RQ',3,47,0,NULL),
(390,1,'9F7MH2W2+62',3,18,1,NULL),
(391,1,'9F7JHXWX+7Q',3,27,0,NULL),
(392,1,'9F7JHXWX+5V',3,77,0,NULL),
(393,1,'9F7MH2V4+5W',3,72,0,NULL),
(394,1,'9F7JHXWX+5V',3,76,0,NULL),
(395,1,'9F7JHXWX+2Q',3,22,0,NULL),
(396,1,'9F7MH2V2+MQ',3,6,1,NULL),
(397,1,'9F7MH2W2+2R',3,41,0,NULL),
(398,1,'9F7MH2P4+RX',3,50,0,NULL),
(399,1,'9F7MH2P4+WR',3,60,0,NULL),
(400,1,'9F7MH2Q4+2V',3,7,1,NULL),
(401,1,'9F7MH2P4+XV',3,24,0,NULL),
(402,1,'9F7JHXWX+3W',3,53,0,NULL),
(403,1,'9F7MH2Q4+2R',3,40,0,NULL),
(404,1,'9F7MH2V2+QV',3,60,0,NULL),
(405,1,'9F7MH2R5+W5',3,20,1,NULL),
(406,1,'9F7MH2P5+V3',3,91,0,NULL),
(407,1,'9F7MH2P4+WW',3,76,0,NULL),
(408,1,'9F7MH2V2+PX',3,10,1,NULL),
(409,1,'9F7MH2V4+5X',3,63,0,NULL),
(410,1,'9F7MH2P4+VP',3,69,0,NULL),
(411,1,'9F7MH2V2+X4',3,34,0,NULL),
(412,1,'9F7MH2P5+X3',3,61,0,NULL),
(413,1,'9F7MH2V2+WW',3,19,1,NULL),
(414,1,'9F7MH2W2+62',3,66,0,NULL),
(415,1,'9F7MH2V3+Q2',3,4,1,NULL),
(416,1,'9F7MH2V5+63',3,55,0,NULL),
(417,1,'9F7MH2Q4+3P',3,84,0,NULL),
(418,1,'9F7JHXWX+7Q',3,73,0,NULL),
(419,1,'9F7MH2V2+PX',3,97,0,NULL),
(420,1,'9F7MH2R4+WV',3,68,0,NULL),
(421,1,'9F7JHXWX+8V',3,30,0,NULL),
(422,1,'9F7MH2R5+X4',3,72,0,NULL),
(423,1,'9F7MH2P5+W2',3,58,0,NULL),
(424,1,'9F7MH2V3+X3',3,61,0,NULL),
(425,1,'9F7MH2V3+V4',3,86,0,NULL),
(426,1,'9F7MH2V4+2W',3,14,1,NULL),
(427,1,'9F7JHXWX+7X',3,1,1,NULL),
(428,1,'9F7MH2Q5+22',3,84,0,NULL),
(429,1,'9F7MH2V2+MR',3,22,0,NULL),
(430,1,'9F7MH2Q4+5X',3,94,0,NULL),
(431,1,'9F7MH2P4+WV',3,64,0,NULL),
(432,1,'9F7MH2V4+2R',3,30,0,NULL),
(433,1,'9F7MH2P4+WR',3,94,0,NULL),
(434,1,'9F7MH2V4+2V',3,80,0,NULL),
(435,1,'9F7MH2R5+X3',3,46,0,NULL),
(436,1,'9F7MH2Q5+42',3,32,0,NULL),
(437,1,'9F7JHXWX+2P',3,9,1,NULL),
(438,1,'9F7MH2V5+22',3,72,0,NULL),
(439,1,'9F7JHXWX+2X',3,74,0,NULL),
(440,1,'9F7MH2V2+PV',3,41,0,NULL),
(441,1,'9F7MH2V5+64',3,67,0,NULL),
(442,1,'9F7MH2R5+X2',3,34,0,NULL),
(443,1,'9F7MH2Q5+23',3,66,0,NULL),
(444,1,'9F7MH2V2+XQ',3,66,0,NULL),
(445,1,'9F7MH2R5+X2',3,75,0,NULL),
(446,1,'9F7MH2V3+V4',3,3,1,NULL),
(447,1,'9F7MH2V3+W4',3,84,0,NULL),
(448,1,'9F7MH2V4+4W',3,45,0,NULL),
(449,1,'9F7JHXWX+7X',3,57,0,NULL),
(450,1,'9F7JHXWX+7X',3,17,1,NULL),
(451,1,'9F7JHXWX+5R',3,22,0,NULL),
(452,1,'9F7JHXWX+3X',3,45,0,NULL),
(453,1,'9F7MH2W2+42',3,99,0,NULL),
(454,1,'9F7MH2W3+34',3,95,0,NULL),
(455,1,'9F7JHXWX+5X',3,14,1,NULL),
(456,1,'9F7JHXVX+XR',3,8,1,NULL),
(457,1,'9F7MH2R5+X3',3,64,0,NULL),
(458,1,'9F7MH2Q4+2R',3,45,0,NULL),
(459,1,'9F7MH2V3+Q4',3,17,1,NULL),
(460,1,'9F7MH2R5+X3',3,96,0,NULL),
(461,1,'9F7MH2V3+W5',3,38,0,NULL),
(462,1,'9F7MH2V4+6R',3,19,1,NULL),
(463,1,'9F7MH2R5+W3',3,14,1,NULL),
(464,1,'9F7MH2W2+24',3,62,0,NULL),
(465,1,'9F7MH2V2+VX',3,34,0,NULL),
(466,1,'9F7JHXWX+5V',3,50,0,NULL),
(467,1,'9F7JHXWX+4P',3,91,0,NULL),
(468,1,'9F7MH2V2+WV',3,60,0,NULL),
(469,1,'9F7MH2V3+R3',3,86,0,NULL),
(470,1,'9F7MH2V4+5W',3,13,1,NULL),
(471,1,'9F7MH2V2+PX',3,69,0,NULL),
(472,1,'9F7MH2R4+WQ',3,33,0,NULL),
(473,1,'9F7JHXWX+3V',3,96,0,NULL),
(474,1,'9F7MH2V2+XV',3,4,1,NULL),
(475,1,'9F7MH2V3+V3',3,40,0,NULL),
(476,1,'9F7MH2V5+75',3,46,0,NULL),
(477,1,'9F7JHXWX+2R',3,32,0,NULL),
(478,1,'9F7MH2V2+PV',3,59,0,NULL),
(479,1,'9F7MH2V2+WQ',3,6,1,NULL),
(480,1,'9F7MH2Q5+62',3,7,1,NULL),
(481,1,'9F7MH2V4+4R',3,54,0,NULL),
(482,1,'9F7MH2R4+WR',3,95,0,NULL),
(483,1,'9F7MH2W2+53',3,75,0,NULL),
(484,1,'9F7JHXWX+3P',3,72,0,NULL),
(485,1,'9F7MH2W2+2X',3,78,0,NULL),
(486,1,'9F7MH2W2+83',3,62,0,NULL),
(487,1,'9F7MH2R4+VV',3,45,0,NULL),
(488,1,'9F7MH2Q5+33',3,32,0,NULL),
(489,1,'9F7MH2V4+2R',3,57,0,NULL),
(490,1,'9F7MH2V3+W4',3,1,1,NULL),
(491,1,'9F7MH2V2+VX',3,27,0,NULL),
(492,1,'9F7MH2Q4+3V',3,20,1,NULL),
(493,1,'9F7JHXWX+8W',3,12,1,NULL),
(494,1,'9F7MH2V3+M5',3,5,1,NULL),
(495,1,'9F7MH2Q4+4P',3,81,0,NULL),
(496,1,'9F7MH2R5+W5',3,7,1,NULL),
(497,1,'9F7MH2V5+24',3,86,0,NULL),
(498,1,'9F7MH2Q4+3X',3,4,1,NULL),
(499,1,'9F7MH2W3+32',3,11,1,NULL),
(500,1,'9F7MH2V2+PQ',3,18,1,NULL),
(501,1,'9F7JHXWX+4R',3,52,0,NULL),
(502,1,'9F7MH2V4+4V',3,28,0,NULL),
(503,1,'9F7MH2V2+QX',3,20,1,NULL),
(504,1,'9F7MH2W2+43',3,34,0,NULL),
(505,1,'9F7MH2Q5+32',3,32,0,NULL),
(506,1,'9F7MH2V3+X4',3,79,0,NULL),
(507,1,'9F7JHXWX+4P',3,76,0,NULL),
(508,1,'9F7MH2Q4+3W',3,71,0,NULL),
(509,1,'9F7MH2W2+83',3,40,0,NULL),
(510,1,'9F7MH2W3+22',3,95,0,NULL),
(511,1,'9F7JHXWX+7X',3,21,0,NULL),
(512,1,'9F7MH2V4+5W',3,42,0,NULL),
(513,1,'9F7MH2Q4+6V',3,47,0,NULL),
(514,1,'9F7JHXWX+8Q',3,67,0,NULL),
(515,1,'9F7MH2V3+Q3',3,64,0,NULL),
(516,1,'9F7JHXWX+4V',3,75,0,NULL),
(517,1,'9F7MH2Q4+2W',3,3,1,NULL),
(518,1,'9F7MH2Q4+2W',3,95,0,NULL),
(519,1,'9F7MH2R4+WQ',3,47,0,NULL),
(520,1,'9F7MH2Q4+4P',3,96,0,NULL),
(521,1,'9F7MH2W2+2X',3,0,1,NULL),
(522,1,'9F7MH2V3+M4',3,16,1,NULL),
(523,1,'9F7MH2V4+6X',3,84,0,NULL),
(524,1,'9F7MH2V2+QW',3,7,1,NULL),
(525,1,'9F7MH2P5+X2',3,27,0,NULL),
(526,1,'9F7MH2W2+22',3,71,0,NULL),
(527,1,'9F7MH2V3+P2',3,76,0,NULL),
(528,1,'9F7MH2V3+P2',3,35,0,NULL),
(529,1,'9F7JHXWX+5Q',3,96,0,NULL),
(530,1,'9F7MH2R5+X2',3,99,0,NULL),
(531,1,'9F7MH2W2+3Q',3,59,0,NULL),
(532,1,'9F7MH2V4+2Q',3,54,0,NULL),
(533,1,'9F7MH2W2+2R',3,56,0,NULL),
(534,1,'9F7JHXWX+7V',3,25,0,NULL),
(535,1,'9F7MH2Q4+3R',3,39,0,NULL),
(536,1,'9F7JHXWX+5W',3,35,0,NULL),
(537,1,'9F7MH2V4+5Q',3,27,0,NULL),
(538,1,'9F7JHXWX+4Q',3,45,0,NULL),
(539,1,'9F7MH2Q4+4P',3,15,1,NULL),
(540,1,'9F7MH2V4+7R',3,33,0,NULL),
(541,1,'9F7MH2V3+Q4',3,50,0,NULL),
(542,1,'9F7MH2V2+WX',3,25,0,NULL),
(543,1,'9F7MH2R4+XW',3,65,0,NULL),
(544,1,'9F7MH2Q4+2R',3,63,0,NULL),
(545,1,'9F7MH2W2+72',3,51,0,NULL),
(546,1,'9F7MH2R5+X2',3,36,0,NULL),
(547,1,'9F7MH2V2+W4',3,70,0,NULL),
(548,1,'9F7JHXWX+7P',3,6,1,NULL),
(549,1,'9F7MH2V3+P2',3,45,0,NULL),
(550,1,'9F7JHXWX+3Q',3,28,0,NULL),
(551,1,'9F7JHXWX+8Q',3,61,0,NULL),
(552,1,'9F7MH2W2+3V',3,90,0,NULL),
(553,1,'9F7MH2R4+WV',3,15,1,NULL),
(554,1,'9F7MH2V2+MW',3,49,0,NULL),
(555,1,'9F7MH2V5+44',3,55,0,NULL),
(556,1,'9F7MH2V4+4W',3,56,0,NULL),
(557,1,'9F7MH2W2+32',3,5,1,NULL),
(558,1,'9F7JHXWX+2W',3,6,1,NULL),
(559,1,'9F7MH2Q4+4R',3,96,0,NULL),
(560,1,'9F7MH2V4+2W',3,86,0,NULL),
(561,1,'9F7MH2V2+MW',3,82,0,NULL),
(562,1,'9F7MH2P5+V2',3,48,0,NULL),
(563,1,'9F7MH2V2+PV',3,68,0,NULL),
(564,1,'9F7MH2Q4+6R',3,52,0,NULL),
(565,1,'9F7JHXVX+WX',3,30,0,NULL),
(566,1,'9F7MH2V5+24',3,11,1,NULL),
(567,1,'9F7MH2V2+X3',3,45,0,NULL),
(568,1,'9F7MH2W2+42',3,64,0,NULL),
(569,1,'9F7JHXWX+2X',3,15,1,NULL),
(570,1,'9F7MH2R5+V4',3,71,0,NULL),
(571,1,'9F7MH2Q4+4M',3,19,1,NULL),
(572,1,'9F7MH2R4+WX',3,46,0,NULL),
(573,1,'9F7MH2V3+W5',3,50,0,NULL),
(574,1,'9F7MH2V2+WV',3,30,0,NULL),
(575,1,'9F7MH2V4+2W',3,61,0,NULL),
(576,1,'9F7MH2V3+V4',3,9,1,NULL),
(577,1,'9F7MH2V3+M2',3,5,1,NULL),
(578,1,'9F7MH2Q4+2W',3,26,0,NULL),
(579,1,'9F7MH2V4+4X',3,34,0,NULL),
(580,1,'9F7MH2R4+XR',3,57,0,NULL),
(581,1,'9F7JHXWX+5X',3,72,0,NULL),
(582,1,'9F7JHXWX+7W',3,9,1,NULL),
(583,1,'9F7JHXWX+5V',3,1,1,NULL),
(584,1,'9F7MH2V3+X4',3,77,0,NULL),
(585,1,'9F7JHXVX+XX',3,1,1,NULL),
(586,1,'9F7MH2V4+2V',3,10,1,NULL),
(587,1,'9F7MH2W3+22',3,10,1,NULL),
(588,1,'9F7MH2V5+72',3,23,0,NULL),
(589,1,'9F7MH2V5+42',3,54,0,NULL),
(590,1,'9F7MH2V3+M5',3,61,0,NULL),
(591,1,'9F7MH2V4+4X',3,53,0,NULL),
(592,1,'9F7MH2W2+52',3,9,1,NULL),
(593,1,'9F7MH2W2+32',3,47,0,NULL),
(594,1,'9F7MH2V2+WV',3,23,0,NULL),
(595,1,'9F7MH2V4+2V',3,73,0,NULL),
(596,1,'9F7JHXWX+7Q',3,73,0,NULL),
(597,1,'9F7MH2Q5+52',3,23,0,NULL),
(598,1,'9F7MH2R4+XX',3,22,0,NULL),
(599,1,'9F7MH2V2+XV',3,38,0,NULL),
(600,1,'9F7MH2V2+RW',3,83,0,NULL),
(601,1,'9F7MH2W3+32',3,52,0,NULL),
(602,1,'9F7MH2R5+V3',3,60,0,NULL),
(603,1,'9F7MH2P4+WX',3,16,1,NULL),
(604,1,'9F7MH2V3+W3',3,53,0,NULL),
(605,1,'9F7MH2V3+Q3',3,58,0,NULL),
(606,1,'9F7JHXVX+XV',3,31,0,NULL),
(607,1,'9F7MH2W2+72',3,53,0,NULL),
(608,1,'9F7MH2V2+QV',3,4,1,NULL),
(609,1,'9F7MH2Q4+3V',3,47,0,NULL),
(610,1,'9F7JHXWX+7W',3,52,0,NULL),
(611,1,'9F7MH2V3+M2',3,7,1,NULL),
(612,1,'9F7MH2Q4+4V',3,66,0,NULL),
(613,1,'9F7MH2W2+42',3,79,0,NULL),
(614,1,'9F7MH2V2+RR',3,38,0,NULL),
(615,1,'9F7JHXWX+2V',3,46,0,NULL),
(616,1,'9F7JHXVX+XX',3,22,0,NULL),
(617,1,'9F7MH2R4+XW',3,100,0,NULL),
(618,1,'9F7MH2R4+VW',3,63,0,NULL),
(619,1,'9F7MH2W2+3V',3,4,1,NULL),
(620,1,'9F7MH2W2+22',3,41,0,NULL),
(621,1,'9F7JHXWX+3V',3,48,0,NULL),
(622,1,'9F7MH2W2+34',3,49,0,NULL),
(623,1,'9F7MH2P5+V3',3,21,0,NULL),
(624,1,'9F7MH2P4+XX',3,87,0,NULL),
(625,1,'9F7JHXWX+2Q',3,30,0,NULL),
(626,1,'9F7MH2W2+42',3,86,0,NULL),
(627,1,'9F7MH2V4+2R',3,71,0,NULL),
(628,1,'9F7MH2V3+V3',3,37,0,NULL),
(629,1,'9F7JHXWX+4Q',3,67,0,NULL),
(630,1,'9F7MH2V4+7W',3,4,1,NULL),
(631,1,'9F7MH2Q4+4P',3,47,0,NULL),
(632,1,'9F7MH2V4+5V',3,65,0,NULL),
(633,1,'9F7MH2V4+3R',3,34,0,NULL),
(634,1,'9F7MH2V4+5V',3,63,0,NULL),
(635,1,'9F7MH2V2+MW',3,81,0,NULL),
(636,1,'9F7MH2P4+WV',3,91,0,NULL),
(637,1,'9F7MH2Q4+3Q',3,49,0,NULL),
(638,1,'9F7JHXWX+3R',3,57,0,NULL),
(639,1,'9F7MH2V2+WV',3,38,0,NULL),
(640,1,'9F7MH2W3+22',3,92,0,NULL),
(641,1,'9F7MH2W3+22',3,30,0,NULL),
(642,1,'9F7MH2P4+VW',3,7,1,NULL),
(643,1,'9F7MH2V2+WV',3,22,0,NULL),
(644,1,'9F7MH2V2+WV',3,95,0,NULL),
(645,1,'9F7MH2V2+VR',3,97,0,NULL),
(646,1,'9F7JHXWX+7X',3,40,0,NULL),
(647,1,'9F7MH2Q4+5M',3,3,1,NULL),
(648,1,'9F7JHXWX+4P',3,63,0,NULL),
(649,1,'9F7JHXWX+3V',3,74,0,NULL),
(650,1,'9F7MH2V2+RR',3,12,1,NULL),
(651,1,'9F7MH2V5+63',3,33,0,NULL),
(652,1,'9F7MH2Q5+62',3,51,0,NULL),
(653,1,'9F7MH2V3+V2',3,96,0,NULL),
(654,1,'9F7MH2R5+X4',3,11,1,NULL),
(655,1,'9F7MH2V4+4V',3,73,0,NULL),
(656,1,'9F7JHXWX+6R',3,1,1,NULL),
(657,1,'9F7MH2Q4+5P',3,80,0,NULL),
(658,1,'9F7MH2W2+42',3,36,0,NULL),
(659,1,'9F7MH2V2+XV',3,87,0,NULL),
(660,1,'9F7MH2P4+RQ',3,99,0,NULL),
(661,1,'9F7JHXWX+2W',3,33,0,NULL),
(662,1,'9F7MH2V4+4R',3,82,0,NULL),
(663,1,'9F7MH2W2+72',3,95,0,NULL),
(664,1,'9F7MH2V4+6W',3,61,0,NULL),
(665,1,'9F7JHXWX+3P',3,69,0,NULL),
(666,1,'9F7MH2V4+4Q',3,90,0,NULL),
(667,1,'9FFW83H8+QR',2,99,0,NULL),
(668,1,'9FFW83FC+7F',2,64,0,NULL),
(669,1,'9FFW83FC+2F',2,92,0,NULL),
(670,1,'9FFW83FF+JV',2,12,1,NULL),
(671,1,'9FFW83FF+9M',2,27,0,NULL),
(672,1,'9FFW83F9+MX',2,72,0,NULL),
(673,1,'9FFW83H8+GR',2,48,0,NULL),
(674,1,'9FFW83FF+GM',2,60,0,NULL),
(675,1,'9FFW83H8+HW',2,57,0,NULL),
(676,1,'9FFW83CC+X8',2,96,0,NULL),
(677,1,'9FFW83FC+56',2,89,0,NULL),
(678,1,'9FFW83FC+26',2,0,1,NULL),
(679,1,'9FFW83H8+MW',2,60,0,NULL),
(680,1,'9FFW83FF+GH',2,46,0,NULL),
(681,1,'9FFW83FF+9M',2,66,0,NULL),
(682,1,'9FFW83FC+Q7',2,68,0,NULL),
(683,1,'9FFW83FC+W3',2,1,1,NULL),
(684,1,'9FFW83FC+X3',2,86,0,NULL),
(685,1,'9FFW83FF+MG',2,7,1,NULL),
(686,1,'9FFW83H8+PW',2,35,0,NULL),
(687,1,'9FFW83H8+PM',2,39,0,NULL),
(688,1,'9FFW83FC+M2',2,34,0,NULL),
(689,1,'9FFW83H8+GW',2,31,0,NULL),
(690,1,'9FFW83FC+75',2,81,0,NULL),
(691,1,'9FFW83FC+3G',2,5,1,NULL),
(692,1,'9FFW83FF+PM',2,3,1,NULL),
(693,1,'9FFW83FC+R7',2,17,1,NULL),
(694,1,'9FFW83FF+HP',2,0,1,NULL),
(695,1,'9FFW83H8+PP',2,18,1,NULL),
(696,1,'9FFW83FC+58',2,38,0,NULL),
(697,1,'9FFW83F9+PX',2,52,0,NULL),
(698,1,'9FFW83FF+MM',2,89,0,NULL),
(699,1,'9FFW83FF+JG',2,47,0,NULL),
(700,1,'9FFW83H8+GQ',2,43,0,NULL),
(701,1,'9FFW83FF+9H',2,44,0,NULL),
(702,1,'9FFW83FF+PH',2,70,0,NULL),
(703,1,'9FFW83H8+HR',2,6,1,NULL),
(704,1,'9FFW83FF+GP',2,77,0,NULL),
(705,1,'9FFW83FF+8R',2,60,0,NULL),
(706,1,'9FFW83FC+4G',2,27,0,NULL),
(707,1,'9FFW83H8+JW',2,67,0,NULL),
(708,1,'9FFW83H8+GV',2,15,1,NULL),
(709,1,'9FFW83F9+RX',2,26,0,NULL),
(710,1,'9FFW83FC+54',2,74,0,NULL),
(711,1,'9FFW83FC+27',2,34,0,NULL),
(712,1,'9FFW83FF+8Q',2,82,0,NULL),
(713,1,'9FFW83FF+9M',2,73,0,NULL),
(714,1,'9FFW83G9+2X',2,23,0,NULL),
(715,1,'9FFW83FF+MH',2,21,0,NULL),
(716,1,'9FFW83H8+FV',2,69,0,NULL),
(717,1,'9FFW83FC+R4',2,7,1,NULL),
(718,1,'9FFW83G9+2W',2,12,1,NULL),
(719,1,'9FFW83H8+JM',2,28,0,NULL),
(720,1,'9FFW83FC+77',2,73,0,NULL),
(721,1,'9FFW83FF+JR',2,79,0,NULL),
(722,1,'9FFW83FC+28',2,54,0,NULL),
(723,1,'9FFW83F9+RX',2,10,1,NULL),
(724,1,'9FFW83F9+MX',2,97,0,NULL),
(725,1,'9FFW83FC+75',2,66,0,NULL),
(726,1,'9FFW83FF+MM',2,73,0,NULL),
(727,1,'9FFW83H8+GV',2,12,1,NULL),
(728,1,'9FFW83FC+99',2,50,0,NULL),
(729,1,'9FFW83FC+26',2,73,0,NULL),
(730,1,'9FFW83FC+V2',2,79,0,NULL),
(731,1,'9FFW83FC+78',2,26,0,NULL),
(732,1,'9FFW83FF+GP',2,68,0,NULL),
(733,1,'9FFW83H8+9X',2,4,1,NULL),
(734,1,'9FFW83H8+JQ',2,30,0,NULL),
(735,1,'9FFW83H8+PV',2,5,1,NULL),
(736,1,'9FFW83H8+CW',2,28,0,NULL),
(737,1,'9FFW83H8+HJ',2,76,0,NULL),
(738,1,'9FFW83FC+9G',2,26,0,NULL),
(739,1,'9FFW83FF+MP',2,97,0,NULL),
(740,1,'9FFW83FC+W7',2,45,0,NULL),
(741,1,'9FFW83FC+69',2,46,0,NULL),
(742,1,'9FFW83FC+X7',2,35,0,NULL),
(743,1,'9FFW83FC+48',2,96,0,NULL),
(744,1,'9FFW83FF+CP',2,80,0,NULL),
(745,1,'9FFW83FF+GH',2,62,0,NULL),
(746,1,'9FFW83H8+PJ',2,45,0,NULL),
(747,1,'9FFW83FC+P4',2,37,0,NULL),
(748,1,'9FFW83FC+Q6',2,57,0,NULL),
(749,1,'9FFW83H8+CR',2,61,0,NULL),
(750,1,'9FFW83H8+JP',2,83,0,NULL),
(751,1,'9FFW83FF+8M',2,67,0,NULL),
(752,1,'9FFW83FC+Q3',2,21,0,NULL),
(753,1,'9FFW83FC+57',2,44,0,NULL),
(754,1,'9FFW83FF+CH',2,60,0,NULL),
(755,1,'9FFW83FF+MG',2,26,0,NULL),
(756,1,'9FFW83H8+JJ',2,0,1,NULL),
(757,1,'9FFW83FC+49',2,24,0,NULL),
(758,1,'9FFW83GC+27',2,15,1,NULL),
(759,1,'9FFW83FC+6F',2,24,0,NULL),
(760,1,'9FFW83H8+PQ',2,96,0,NULL),
(761,1,'9FFW83FF+9Q',2,89,0,NULL),
(762,1,'9FFW83H8+MW',2,32,0,NULL),
(763,1,'9FFW83GC+36',2,77,0,NULL),
(764,1,'9FFW83FC+6G',2,72,0,NULL),
(765,1,'9FFW83H8+CV',2,33,0,NULL),
(766,1,'9FFW83FC+V5',2,62,0,NULL),
(767,1,'9FFW83H8+MW',2,1,1,NULL),
(768,1,'9FFW83H8+CW',2,37,0,NULL),
(769,1,'9FFW83FC+7C',2,61,0,NULL),
(770,1,'9FFW83CC+XC',2,55,0,NULL),
(771,1,'9FFW83FF+MM',2,29,0,NULL),
(772,1,'9FFW83FC+7C',2,6,1,NULL),
(773,1,'9FFW83FC+R8',2,73,0,NULL),
(774,1,'9FFW83FC+64',2,47,0,NULL),
(775,1,'9FFW83FC+V5',2,39,0,NULL),
(776,1,'9FFW83H8+QP',2,76,0,NULL),
(777,1,'9FFW83FF+PV',2,36,0,NULL),
(778,1,'9FFW83FC+P4',2,41,0,NULL),
(779,1,'9FFW83FC+R8',2,55,0,NULL),
(780,1,'9FFW83FC+Q4',2,65,0,NULL),
(781,1,'9FFW83FF+PM',2,53,0,NULL),
(782,1,'9FFW83FC+48',2,57,0,NULL),
(783,1,'9FFW83H8+MP',2,6,1,NULL),
(784,1,'9FFW83FF+CQ',2,66,0,NULL),
(785,1,'9FFW83FF+MW',2,43,0,NULL),
(786,1,'9FFW83CC+X6',2,49,0,NULL),
(787,1,'9FFW83H8+MJ',2,79,0,NULL),
(788,1,'9FFW83FC+35',2,80,0,NULL),
(789,1,'9FFW83CC+X4',2,21,0,NULL),
(790,1,'9FFW83FC+65',2,27,0,NULL),
(791,1,'9FFW83FF+GP',2,29,0,NULL),
(792,1,'9FFW83FF+GR',2,59,0,NULL),
(793,1,'9FFW83FC+67',2,20,1,NULL),
(794,1,'9FFW83FC+Q5',2,29,0,NULL),
(795,1,'9FFW83FC+35',2,7,1,NULL),
(796,1,'9FFW83H8+JJ',2,69,0,NULL),
(797,1,'9FFW83H8+9R',2,70,0,NULL),
(798,1,'9FFW83F9+QX',2,72,0,NULL),
(799,1,'9FFW83FC+58',2,57,0,NULL),
(800,1,'9FFW83FC+4F',2,56,0,NULL),
(801,1,'9FFW83H8+MM',2,86,0,NULL),
(802,1,'9FFW83FF+CJ',2,59,0,NULL),
(803,1,'9FFW83FC+75',2,8,1,NULL),
(804,1,'9FFW83FC+77',2,86,0,NULL),
(805,1,'9FFW83CC+X5',2,49,0,NULL),
(806,1,'9FFW83FC+68',2,5,1,NULL),
(807,1,'9FFW83FC+M5',2,23,0,NULL),
(808,1,'9FFW83FC+M5',2,62,0,NULL),
(809,1,'9FFW83FF+MP',2,60,0,NULL),
(810,1,'9FFW83F9+RX',2,99,0,NULL),
(811,1,'9FFW83FC+66',2,43,0,NULL),
(812,1,'9FFW83GC+26',2,0,1,NULL),
(813,1,'9FFW83H8+FR',2,18,1,NULL),
(814,1,'9FFW83FC+38',2,99,0,NULL),
(815,1,'9FFW83H8+FM',2,82,0,NULL),
(816,1,'9FFW83FF+GM',2,48,0,NULL),
(817,1,'9FFW83FC+R5',2,93,0,NULL),
(818,1,'9FFW83H8+PR',2,91,0,NULL),
(819,1,'9FFW83H8+FM',2,25,0,NULL),
(820,1,'9FFW83FF+9H',2,19,1,NULL),
(821,1,'9FFW83H8+HV',2,44,0,NULL),
(822,1,'9FFW83FF+8M',2,20,1,NULL),
(823,1,'9FFW83FF+9G',2,85,0,NULL),
(824,1,'9FFW83H8+PM',2,50,0,NULL),
(825,1,'9FFW83H8+JM',2,57,0,NULL),
(826,1,'9FFW83FC+V3',2,70,0,NULL),
(827,1,'9FFW83FC+55',2,25,0,NULL),
(828,1,'9FFW83FF+8G',2,47,0,NULL),
(829,1,'9FFW83FC+3G',2,45,0,NULL),
(830,1,'9FFW83FC+R5',2,59,0,NULL),
(831,1,'9FFW83FF+CR',2,100,0,NULL),
(832,1,'9FFW83FC+38',2,19,1,NULL),
(833,1,'9FFW83FC+6F',2,88,0,NULL),
(834,1,'9FFW83H8+HX',2,18,1,NULL),
(835,1,'9FFW83FC+7C',2,96,0,NULL),
(836,1,'9FFW83FF+GJ',2,44,0,NULL),
(837,1,'9FFW83FC+94',2,45,0,NULL),
(838,1,'9FFW83FC+38',2,51,0,NULL),
(839,1,'9FFW83H8+JW',2,77,0,NULL),
(840,1,'9FFW83FC+65',2,0,1,NULL),
(841,1,'9FFW83H8+HV',2,15,1,NULL),
(842,1,'9FFW83F9+PX',2,52,0,NULL),
(843,1,'9FFW83F9+WX',2,94,0,NULL),
(844,1,'9FFW83FC+36',2,77,0,NULL),
(845,1,'9FFW83FC+R3',2,12,1,NULL),
(846,1,'9FFW83FC+V5',2,5,1,NULL),
(847,1,'9FFW83FC+6C',2,76,0,NULL),
(848,1,'9FFW83GC+36',2,2,1,NULL),
(849,1,'9FFW83G9+2X',2,84,0,NULL),
(850,1,'9FFW83FC+W5',2,96,0,NULL),
(851,1,'9FFW83H8+9P',2,4,1,NULL),
(852,1,'9FFW83H8+CQ',2,98,0,NULL),
(853,1,'9FFW83FC+7C',2,83,0,NULL),
(854,1,'9FFW83FC+38',2,29,0,NULL),
(855,1,'9FFW83FC+76',2,16,1,NULL),
(856,1,'9FFW83FC+85',2,59,0,NULL),
(857,1,'9FFW83FF+HW',2,98,0,NULL),
(858,1,'9FFW83H8+FQ',2,99,0,NULL),
(859,1,'9FFW83FC+M2',2,5,1,NULL),
(860,1,'9FFW83FC+R3',2,12,1,NULL),
(861,1,'9FFW83F9+MW',2,89,0,NULL),
(862,1,'9FFW83F9+XX',2,16,1,NULL),
(863,1,'9FFW83H8+CM',2,88,0,NULL),
(864,1,'9FFW83FC+69',2,77,0,NULL),
(865,1,'9FFW83FC+R5',2,96,0,NULL),
(866,1,'9FFW83FC+78',2,88,0,NULL),
(867,1,'9FFW83H8+JH',2,36,0,NULL),
(868,1,'9FFW83FC+Q3',2,92,0,NULL),
(869,1,'9FFW83H8+HV',2,50,0,NULL),
(870,1,'9FFW83FF+HQ',2,70,0,NULL),
(871,1,'9FFW83F9+QX',2,80,0,NULL),
(872,1,'9FFW83H8+GP',2,27,0,NULL),
(873,1,'9FFW83H8+HW',2,82,0,NULL),
(874,1,'9FFW83FF+CJ',2,21,0,NULL),
(875,1,'9FFW83FC+P4',2,74,0,NULL),
(876,1,'9FFW83H8+JP',2,46,0,NULL),
(877,1,'9FFW83FC+R5',2,95,0,NULL),
(878,1,'9FFW83FF+CM',2,66,0,NULL),
(879,1,'9FFW83FC+36',2,22,0,NULL),
(880,1,'9FFW83FC+Q6',2,83,0,NULL),
(881,1,'9FFW83FF+CR',2,67,0,NULL),
(882,1,'9FFW83FC+W6',2,8,1,NULL),
(883,1,'9FFW83FC+P3',2,65,0,NULL),
(884,1,'9FFW83H8+JQ',2,44,0,NULL),
(885,1,'9FFW83CC+X5',2,57,0,NULL),
(886,1,'9FFW83FC+V4',2,27,0,NULL),
(887,1,'9FFW83FC+49',2,79,0,NULL),
(888,1,'9FFW83FF+FQ',2,43,0,NULL),
(889,1,'9FFW83H8+MV',2,50,0,NULL),
(890,1,'9FFW83FC+65',2,25,0,NULL),
(891,1,'9FFW83FC+V3',2,25,0,NULL),
(892,1,'9FFW83CC+XC',2,70,0,NULL),
(893,1,'9FFW83FC+47',2,31,0,NULL),
(894,1,'9FFW83FC+9C',2,2,1,NULL),
(895,1,'9FFW83FC+56',2,4,1,NULL),
(896,1,'9FFW83H8+HJ',2,85,0,NULL),
(897,1,'9FFW83H8+QJ',2,20,1,NULL),
(898,1,'9FFW83FC+X7',2,91,0,NULL),
(899,1,'9FFW83H8+HW',2,53,0,NULL),
(900,1,'9FFW83FC+57',2,33,0,NULL),
(901,1,'9FFW83FF+FH',2,52,0,NULL),
(902,1,'9FFW83H8+JQ',2,36,0,NULL),
(903,1,'9FFW83FF+CQ',2,45,0,NULL),
(904,1,'9FFW83H8+JJ',2,42,0,NULL),
(905,1,'9FFW83H8+MW',2,96,0,NULL),
(906,1,'9FFW83FC+46',2,43,0,NULL),
(907,1,'9FFW83FF+CM',2,34,0,NULL),
(908,1,'9FFW83FC+89',2,44,0,NULL),
(909,1,'9FFW83FC+W7',2,17,1,NULL),
(910,1,'9FFW83FC+R6',2,46,0,NULL),
(911,1,'9FFW83FC+W3',2,0,1,NULL),
(912,1,'9FFW83FC+V4',2,9,1,NULL),
(913,1,'9FFW83FC+25',2,70,0,NULL),
(914,1,'9FFW83H8+GQ',2,57,0,NULL),
(915,1,'9FFW83H8+CM',2,99,0,NULL),
(916,1,'9FFW83FC+W5',2,61,0,NULL),
(917,1,'9FFW83FF+CW',2,52,0,NULL),
(918,1,'9FFW83FC+84',2,18,1,NULL),
(919,1,'9FFW83FC+64',2,30,0,NULL),
(920,1,'9FFW83FF+MQ',2,5,1,NULL),
(921,1,'9FFW83FC+39',2,77,0,NULL),
(922,1,'9FFW83F9+MW',2,88,0,NULL),
(923,1,'9FFW83FC+6G',2,85,0,NULL),
(924,1,'9FFW83H8+QM',2,66,0,NULL),
(925,1,'9FFW83H8+CH',2,91,0,NULL),
(926,1,'9FFW83FF+JH',2,83,0,NULL),
(927,1,'9FFW83F9+PX',2,7,1,NULL),
(928,1,'9FFW83FC+Q4',2,31,0,NULL),
(929,1,'9FFW83FC+W4',2,87,0,NULL),
(930,1,'9FFW83FF+HH',2,53,0,NULL),
(931,1,'9FFW83FC+8F',2,90,0,NULL),
(932,1,'9FFW83FC+W2',2,56,0,NULL),
(933,1,'9FFW83H8+JV',2,86,0,NULL),
(934,1,'9FFW83H8+MR',2,33,0,NULL),
(935,1,'9FFW83F9+RW',2,55,0,NULL),
(936,1,'9FFW83FC+77',2,45,0,NULL),
(937,1,'9FFW83FC+P7',2,49,0,NULL),
(938,1,'9FFW83FF+HJ',2,25,0,NULL),
(939,1,'9FFW83FF+8J',2,19,1,NULL),
(940,1,'9FFW83FF+MH',2,29,0,NULL),
(941,1,'9FFW83F9+RX',2,63,0,NULL),
(942,1,'9FFW83CC+X8',2,89,0,NULL),
(943,1,'9FFW83FC+M6',2,85,0,NULL),
(944,1,'9FFW83H8+CH',2,14,1,NULL),
(945,1,'9FFW83FC+66',2,86,0,NULL),
(946,1,'9FFW83FC+W7',2,36,0,NULL),
(947,1,'9FFW83FF+HG',2,95,0,NULL),
(948,1,'9FFW83FC+R7',2,30,0,NULL),
(949,1,'9FFW83FC+86',2,87,0,NULL),
(950,1,'9FFW83FC+44',2,43,0,NULL),
(951,1,'9FFW83FC+39',2,93,0,NULL),
(952,1,'9FFW83H8+GW',2,63,0,NULL),
(953,1,'9FFW83FF+JV',2,97,0,NULL),
(954,1,'9FFW83FF+MJ',2,84,0,NULL),
(955,1,'9FFW83FC+R6',2,54,0,NULL),
(956,1,'9FFW83GC+28',2,77,0,NULL),
(957,1,'9FFW83FC+89',2,96,0,NULL),
(958,1,'9FFW83FC+M3',2,1,1,NULL),
(959,1,'9FFW83FF+JG',2,92,0,NULL),
(960,1,'9FFW83H8+JM',2,4,1,NULL),
(961,1,'9FFW83H8+9M',2,4,1,NULL),
(962,1,'9FFW83FC+Q6',2,61,0,NULL),
(963,1,'9FFW83FF+HH',2,49,0,NULL),
(964,1,'9FFW83FF+PV',2,20,1,NULL),
(965,1,'9FFW83H8+MP',2,34,0,NULL),
(966,1,'9FFW83FC+47',2,30,0,NULL),
(967,1,'9FFW83H8+FP',2,50,0,NULL),
(968,1,'9FFW83H8+PQ',2,16,1,NULL),
(969,1,'9FFW83H8+MP',2,81,0,NULL),
(970,1,'9FFW83FF+MR',2,54,0,NULL),
(971,1,'9FFW83FF+HJ',2,42,0,NULL),
(972,1,'9FFW83H8+MP',2,66,0,NULL),
(973,1,'9FFW83FC+R5',2,93,0,NULL),
(974,1,'9FFW83FC+P5',2,11,1,NULL),
(975,1,'9FFW83FC+V3',2,23,0,NULL),
(976,1,'9FFW83FC+R8',2,78,0,NULL),
(977,1,'9FFW83FF+JQ',2,32,0,NULL),
(978,1,'9FFW83H8+HP',2,74,0,NULL),
(979,1,'9FFW83FF+MM',2,82,0,NULL),
(980,1,'9FFW83GC+36',2,66,0,NULL),
(981,1,'9FFW83H8+MQ',2,69,0,NULL),
(982,1,'9FFW83FF+FG',2,43,0,NULL),
(983,1,'9FFW83FC+76',2,67,0,NULL),
(984,1,'9FFW83H8+MW',2,66,0,NULL),
(985,1,'9FFW83H8+CW',2,86,0,NULL),
(986,1,'9FFW83FF+JV',2,80,0,NULL),
(987,1,'9FFW83GC+36',2,49,0,NULL),
(988,1,'9FFW83H8+FX',2,8,1,NULL),
(989,1,'9FFW83H8+HV',2,50,0,NULL),
(990,1,'9FFW83FC+68',2,31,0,NULL),
(991,1,'9FFW83FC+3F',2,37,0,NULL),
(992,1,'9FFW83H8+FR',2,73,0,NULL),
(993,1,'9FFW83FC+28',2,32,0,NULL),
(994,1,'9FFW83FF+JW',2,61,0,NULL),
(995,1,'9FFW83FF+MV',2,81,0,NULL),
(996,1,'9FFW83FF+9H',2,39,0,NULL),
(997,1,'9FFW83FC+X7',2,17,1,NULL),
(998,1,'9FFW83H8+FP',2,82,0,NULL),
(999,1,'9FFW83FF+HP',2,65,0,NULL),
(1000,1,'9F8Q5H6P+GW',1,43,0,NULL);
/*!40000 ALTER TABLE `bike` ENABLE KEYS */;
UNLOCK TABLES;
/*!50003 SET @saved_cs_client      = @@character_set_client */ ;
/*!50003 SET @saved_cs_results     = @@character_set_results */ ;
/*!50003 SET @saved_col_connection = @@collation_connection */ ;
/*!50003 SET character_set_client  = utf8mb3 */ ;
/*!50003 SET character_set_results = utf8mb3 */ ;
/*!50003 SET collation_connection  = utf8mb3_general_ci */ ;
/*!50003 SET @saved_sql_mode       = @@sql_mode */ ;
/*!50003 SET sql_mode              = 'STRICT_TRANS_TABLES,ERROR_FOR_DIVISION_BY_ZERO,NO_AUTO_CREATE_USER,NO_ENGINE_SUBSTITUTION' */ ;
DELIMITER ;;
/*!50003 CREATE*/ /*!50017 DEFINER=`admin`@`%`*/ /*!50003 TRIGGER `bike_charge_trigger_insert` BEFORE INSERT ON `bike`
FOR EACH ROW
BEGIN
    IF NEW.battery <= 20 THEN
        SET NEW.status = 1;
    END IF;
END */;;
DELIMITER ;
/*!50003 SET sql_mode              = @saved_sql_mode */ ;
/*!50003 SET character_set_client  = @saved_cs_client */ ;
/*!50003 SET character_set_results = @saved_cs_results */ ;
/*!50003 SET collation_connection  = @saved_col_connection */ ;
/*!50003 SET @saved_cs_client      = @@character_set_client */ ;
/*!50003 SET @saved_cs_results     = @@character_set_results */ ;
/*!50003 SET @saved_col_connection = @@collation_connection */ ;
/*!50003 SET character_set_client  = utf8mb3 */ ;
/*!50003 SET character_set_results = utf8mb3 */ ;
/*!50003 SET collation_connection  = utf8mb3_general_ci */ ;
/*!50003 SET @saved_sql_mode       = @@sql_mode */ ;
/*!50003 SET sql_mode              = 'STRICT_TRANS_TABLES,ERROR_FOR_DIVISION_BY_ZERO,NO_AUTO_CREATE_USER,NO_ENGINE_SUBSTITUTION' */ ;
DELIMITER ;;
/*!50003 CREATE*/ /*!50017 DEFINER=`admin`@`%`*/ /*!50003 TRIGGER `bike_charge_trigger_update` BEFORE UPDATE ON `bike`
FOR EACH ROW
BEGIN
    IF NEW.battery <= 20 THEN
        SET NEW.status = 1;
    END IF;
END */;;
DELIMITER ;
/*!50003 SET sql_mode              = @saved_sql_mode */ ;
/*!50003 SET character_set_client  = @saved_cs_client */ ;
/*!50003 SET character_set_results = @saved_cs_results */ ;
/*!50003 SET collation_connection  = @saved_col_connection */ ;
/*!50003 SET @saved_cs_client      = @@character_set_client */ ;
/*!50003 SET @saved_cs_results     = @@character_set_results */ ;
/*!50003 SET @saved_col_connection = @@collation_connection */ ;
/*!50003 SET character_set_client  = utf8mb3 */ ;
/*!50003 SET character_set_results = utf8mb3 */ ;
/*!50003 SET collation_connection  = utf8mb3_general_ci */ ;
/*!50003 SET @saved_sql_mode       = @@sql_mode */ ;
/*!50003 SET sql_mode              = 'STRICT_TRANS_TABLES,ERROR_FOR_DIVISION_BY_ZERO,NO_AUTO_CREATE_USER,NO_ENGINE_SUBSTITUTION' */ ;
DELIMITER ;;
/*!50003 CREATE*/ /*!50017 DEFINER=`admin`@`%`*/ /*!50003 TRIGGER `bike_log_trigger` AFTER UPDATE ON `bike`
FOR EACH ROW
BEGIN
    INSERT INTO bike_log (bike_id, log_time, log_data, log_userid)
    VALUES (
        OLD.id,
        CURRENT_TIMESTAMP,
        CONCAT(
            'GPS: ', OLD.gps,
            ', City: ', OLD.city,
            ', Status: ', OLD.bike_status
        ),
        OLD.currentuser
    );
END */;;
DELIMITER ;
/*!50003 SET sql_mode              = @saved_sql_mode */ ;
/*!50003 SET character_set_client  = @saved_cs_client */ ;
/*!50003 SET character_set_results = @saved_cs_results */ ;
/*!50003 SET collation_connection  = @saved_col_connection */ ;

--
-- Table structure for table `bike_log`
--

DROP TABLE IF EXISTS `bike_log`;
/*!40101 SET @saved_cs_client     = @@character_set_client */;
/*!40101 SET character_set_client = utf8 */;
CREATE TABLE `bike_log` (
  `id` int(11) NOT NULL AUTO_INCREMENT,
  `bike_id` int(11) DEFAULT NULL,
  `log_time` timestamp NULL DEFAULT NULL,
  `log_data` varchar(255) DEFAULT NULL,
  `log_userid` int(11) DEFAULT NULL,
  PRIMARY KEY (`id`),
  KEY `log_userid` (`log_userid`),
  CONSTRAINT `bike_log_ibfk_1` FOREIGN KEY (`id`) REFERENCES `bike` (`id`),
  CONSTRAINT `bike_log_ibfk_2` FOREIGN KEY (`log_userid`) REFERENCES `users` (`id`)
) ENGINE=InnoDB DEFAULT CHARSET=utf8mb4 COLLATE=utf8mb4_general_ci;
/*!40101 SET character_set_client = @saved_cs_client */;

--
-- Dumping data for table `bike_log`
--

LOCK TABLES `bike_log` WRITE;
/*!40000 ALTER TABLE `bike_log` DISABLE KEYS */;
/*!40000 ALTER TABLE `bike_log` ENABLE KEYS */;
UNLOCK TABLES;

--
-- Table structure for table `city`
--

DROP TABLE IF EXISTS `city`;
/*!40101 SET @saved_cs_client     = @@character_set_client */;
/*!40101 SET character_set_client = utf8 */;
CREATE TABLE `city` (
  `id` int(11) NOT NULL AUTO_INCREMENT,
  `city_name` varchar(255) NOT NULL,
  `city_gps` varchar(255) NOT NULL,
  PRIMARY KEY (`id`),
  UNIQUE KEY `city_name` (`city_name`)
) ENGINE=InnoDB AUTO_INCREMENT=4 DEFAULT CHARSET=utf8mb4 COLLATE=utf8mb4_general_ci;
/*!40101 SET character_set_client = @saved_cs_client */;

--
-- Dumping data for table `city`
--

LOCK TABLES `city` WRITE;
/*!40000 ALTER TABLE `city` DISABLE KEYS */;
INSERT INTO `city` VALUES
(1,'Karlskrona','56.1612,15.5869'),
(2,'Stockholm','59.3293,18.0686'),
(3,'Malmö','55.604981,13.003822');
/*!40000 ALTER TABLE `city` ENABLE KEYS */;
UNLOCK TABLES;

--
-- Table structure for table `parking_zones`
--

DROP TABLE IF EXISTS `parking_zones`;
/*!40101 SET @saved_cs_client     = @@character_set_client */;
/*!40101 SET character_set_client = utf8 */;
CREATE TABLE `parking_zones` (
  `id` int(11) NOT NULL AUTO_INCREMENT,
  `city` int(11) DEFAULT NULL,
  `gps` varchar(255) DEFAULT NULL,
  PRIMARY KEY (`id`),
  KEY `city` (`city`),
  CONSTRAINT `parking_zones_ibfk_1` FOREIGN KEY (`city`) REFERENCES `city` (`id`)
) ENGINE=InnoDB AUTO_INCREMENT=3 DEFAULT CHARSET=utf8mb4 COLLATE=utf8mb4_general_ci;
/*!40101 SET character_set_client = @saved_cs_client */;

--
-- Dumping data for table `parking_zones`
--

LOCK TABLES `parking_zones` WRITE;
/*!40000 ALTER TABLE `parking_zones` DISABLE KEYS */;
INSERT INTO `parking_zones` VALUES
(1,1,'[\n  [56.1638, 15.59596],\n  [56.16385, 15.59615],\n  [56.16373, 15.59627],\n  [56.16367, 15.59606]\n  ]'),
(2,1,'[\n[56.166, 15.58494],\n[56.16599, 15.58532],\n[56.16594, 15.58532],\n[56.16597, 15.58494]\n]');
/*!40000 ALTER TABLE `parking_zones` ENABLE KEYS */;
UNLOCK TABLES;

--
-- Table structure for table `station`
--

DROP TABLE IF EXISTS `station`;
/*!40101 SET @saved_cs_client     = @@character_set_client */;
/*!40101 SET character_set_client = utf8 */;
CREATE TABLE `station` (
  `id` int(11) NOT NULL AUTO_INCREMENT,
  `charge_taken` int(11) DEFAULT NULL,
  `city` int(11) DEFAULT NULL,
  `charging_size` int(11) DEFAULT NULL,
  `gps` varchar(255) DEFAULT NULL,
  PRIMARY KEY (`id`),
  KEY `city` (`city`),
  CONSTRAINT `station_ibfk_1` FOREIGN KEY (`city`) REFERENCES `city` (`id`)
) ENGINE=InnoDB AUTO_INCREMENT=16 DEFAULT CHARSET=utf8mb4 COLLATE=utf8mb4_general_ci;
/*!40101 SET character_set_client = @saved_cs_client */;

--
-- Dumping data for table `station`
--

LOCK TABLES `station` WRITE;
/*!40000 ALTER TABLE `station` DISABLE KEYS */;
INSERT INTO `station` VALUES
(1,0,1,10,'[\n    [56.162176519644504, 15.586952569742806],\n    [56.16212933069397, 15.586952569742806],\n    [56.16212933069397, 15.587559898243313],\n    [56.162176519644504, 15.587559898243313],\n    [56.162176519644504, 15.586952569742806]\n]'),
(2,0,1,10,'[\n    [56.16346379886474, 15.58657449282066],\n    [56.16317586060731, 15.58657449282066],\n    [56.16317586060731, 15.586744450395031],\n    [56.16346379886474, 15.586744450395031],\n    [56.16346379886474, 15.58657449282066]\n]'),
(3,0,1,10,'[\n  [56.16151307488036, 15.585832820617014],\n  [56.16130023369507, 15.585832820617014],\n  [56.16130023369507, 15.586041847161056],\n  [56.16151307488036, 15.586041847161056],\n  [56.16151307488036, 15.585832820617014]\n]\n'),
(4,0,1,10,'[\n  [56.16569676027362, 15.58593716530035],\n  [56.1656322945623, 15.58593716530035],\n  [56.1656322945623, 15.586290019511665],\n  [56.16569676027362, 15.586290019511665],\n  [56.16569676027362, 15.58593716530035]\n]'),
(5,0,1,10,'[\n  [56.16212942255183, 15.583518393356144],\n  [56.16205693309624, 15.583407458369294],\n  [56.16204117450104, 15.583445946018031],\n  [56.16211492467178, 15.583573860849583],\n  [56.16212933202917, 15.583518364338772]\n]'),
(6,0,2,10,'[\n  [59.330476420045244, 18.066840940869696],\n  [59.33050085331061, 18.066960691750353],\n  [59.33009057573443, 18.067371836440856],\n  [59.33005799764996, 18.06727204404035],\n  [59.3304764130267, 18.0668410770877]\n]'),
(7,0,2,10,'[\n  [59.33035284872457, 18.068847640834235],\n  [59.33046832447289, 18.06950528825473],\n  [59.33042964014081, 18.069542641723558],\n  [59.33028818213387, 18.0688906539186],\n  [59.330352977856705, 18.068847927563894]\n]'),
(8,0,2,10,'[\n  [59.32741307565186, 18.070354108891536],\n  [59.32708769867057, 18.069285158736335],\n  [59.32703045610151, 18.069373745765688],\n  [59.327351314519746, 18.070401355307695],\n  [59.3274123842873, 18.0703547356037]\n]'),
(9,0,2,10,'[\n  [59.32548191747597, 18.069954747393297],\n  [59.32551078519151, 18.070117249585195],\n  [59.325439232689575, 18.070155940583362],\n  [59.32542097444079, 18.070043736688547],\n  [59.32548173977253, 18.069954149148828]\n]'),
(10,0,2,10,'[\n  [59.32387692076426, 18.07260948040988],\n  [59.32391963024526, 18.072902478854303],\n  [59.32367998190617, 18.07289875823929],\n  [59.32387692076426, 18.072606689949055]\n]'),
(11,0,3,10,'[\n  [55.59452995470568, 13.00061193387657],\n  [55.59405134835734, 13.000636898590585],\n  [55.594061424340595, 13.000997103754827],\n  [55.59453398505042, 13.000829483529657],\n  [55.59452999979973, 13.000610571477523]\n]'),
(12,0,3,10,'[\n  [55.592133200359285, 12.998183521870033],\n  [55.59184375056097, 12.998246808461374],\n  [55.591835927563665, 12.997770181318856],\n  [55.59220025406202, 12.997716783256976],\n  [55.592136553047, 12.998185499575925]\n]'),
(13,0,3,10,'[\n  [55.587476819855, 12.992311921661639],\n  [55.58773589122313, 12.991067050573577],\n  [55.587636065760876, 12.990999760244762],\n  [55.587393631438374, 12.992316127306992],\n  [55.587476797877514, 12.992311224523661]\n]'),
(14,0,3,10,'[\n  [55.60537622280796, 13.00715838864241],\n  [55.605350708731805, 13.007208360056524],\n  [55.60512053843917, 13.006828769508587],\n  [55.605140081252415, 13.006774954139644],\n  [55.605376435453024, 13.007158339131877]\n]'),
(15,0,3,10,'[\n  [55.60600416552026, 12.99979824543587],\n  [55.6064657148159, 12.999763476117806],\n  [55.606462441435525, 12.99959397569026],\n  [55.605982888293966, 12.999607014184704],\n  [55.6060040068387, 12.999798150681329]\n]');
/*!40000 ALTER TABLE `station` ENABLE KEYS */;
UNLOCK TABLES;

--
-- Table structure for table `station_log`
--

DROP TABLE IF EXISTS `station_log`;
/*!40101 SET @saved_cs_client     = @@character_set_client */;
/*!40101 SET character_set_client = utf8 */;
CREATE TABLE `station_log` (
  `id` int(11) NOT NULL AUTO_INCREMENT,
  `log_time` timestamp NULL DEFAULT NULL,
  `log_data` varchar(255) DEFAULT NULL,
  PRIMARY KEY (`id`),
  CONSTRAINT `station_log_ibfk_1` FOREIGN KEY (`id`) REFERENCES `station` (`id`)
) ENGINE=InnoDB DEFAULT CHARSET=utf8mb4 COLLATE=utf8mb4_general_ci;
/*!40101 SET character_set_client = @saved_cs_client */;

--
-- Dumping data for table `station_log`
--

LOCK TABLES `station_log` WRITE;
/*!40000 ALTER TABLE `station_log` DISABLE KEYS */;
/*!40000 ALTER TABLE `station_log` ENABLE KEYS */;
UNLOCK TABLES;

--
-- Table structure for table `user_log`
--

DROP TABLE IF EXISTS `user_log`;
/*!40101 SET @saved_cs_client     = @@character_set_client */;
/*!40101 SET character_set_client = utf8 */;
CREATE TABLE `user_log` (
  `id` int(11) NOT NULL AUTO_INCREMENT,
  `log_time` timestamp NULL DEFAULT NULL,
  `log_data` varchar(255) DEFAULT NULL,
  PRIMARY KEY (`id`),
  CONSTRAINT `user_log_ibfk_1` FOREIGN KEY (`id`) REFERENCES `users` (`id`)
) ENGINE=InnoDB DEFAULT CHARSET=utf8mb4 COLLATE=utf8mb4_general_ci;
/*!40101 SET character_set_client = @saved_cs_client */;

--
-- Dumping data for table `user_log`
--

LOCK TABLES `user_log` WRITE;
/*!40000 ALTER TABLE `user_log` DISABLE KEYS */;
/*!40000 ALTER TABLE `user_log` ENABLE KEYS */;
UNLOCK TABLES;

--
-- Table structure for table `users`
--

DROP TABLE IF EXISTS `users`;
/*!40101 SET @saved_cs_client     = @@character_set_client */;
/*!40101 SET character_set_client = utf8 */;
CREATE TABLE `users` (
  `id` int(11) NOT NULL AUTO_INCREMENT,
  `email` varchar(255) NOT NULL,
  `username` varchar(255) NOT NULL,
  `balance` decimal(10,2) NOT NULL DEFAULT 0.00,
  `debt` decimal(10,2) NOT NULL DEFAULT 0.00,
  `role` varchar(255) NOT NULL,
  PRIMARY KEY (`id`)
) ENGINE=InnoDB AUTO_INCREMENT=1024 DEFAULT CHARSET=utf8mb4 COLLATE=utf8mb4_general_ci;
/*!40101 SET character_set_client = @saved_cs_client */;

--
-- Dumping data for table `users`
--

LOCK TABLES `users` WRITE;
/*!40000 ALTER TABLE `users` DISABLE KEYS */;
INSERT INTO `users` VALUES
(1,'user1@example.com','user1',0.00,0.00,'user\r'),
(2,'user2@example.com','user2',0.00,0.00,'user\r'),
(3,'user3@example.com','user3',0.00,0.00,'user\r'),
(4,'user4@example.com','user4',0.00,0.00,'user\r'),
(5,'user5@example.com','user5',0.00,0.00,'user\r'),
(6,'user6@example.com','user6',0.00,0.00,'user\r'),
(7,'user7@example.com','user7',0.00,0.00,'user\r'),
(8,'user8@example.com','user8',0.00,0.00,'user\r'),
(9,'user9@example.com','user9',0.00,0.00,'user\r'),
(10,'user10@example.com','user10',0.00,0.00,'user\r'),
(11,'user11@example.com','user11',0.00,0.00,'user\r'),
(12,'user12@example.com','user12',0.00,0.00,'user\r'),
(13,'user13@example.com','user13',0.00,0.00,'user\r'),
(14,'user14@example.com','user14',0.00,0.00,'user\r'),
(15,'user15@example.com','user15',0.00,0.00,'user\r'),
(16,'user16@example.com','user16',0.00,0.00,'user\r'),
(17,'user17@example.com','user17',0.00,0.00,'user\r'),
(18,'user18@example.com','user18',0.00,0.00,'user\r'),
(19,'user19@example.com','user19',0.00,0.00,'user\r'),
(20,'user20@example.com','user20',0.00,0.00,'user\r'),
(21,'user21@example.com','user21',0.00,0.00,'user\r'),
(22,'user22@example.com','user22',0.00,0.00,'user\r'),
(23,'user23@example.com','user23',0.00,0.00,'user\r'),
(24,'user24@example.com','user24',0.00,0.00,'user\r'),
(25,'user25@example.com','user25',0.00,0.00,'user\r'),
(26,'user26@example.com','user26',0.00,0.00,'user\r'),
(27,'user27@example.com','user27',0.00,0.00,'user\r'),
(28,'user28@example.com','user28',0.00,0.00,'user\r'),
(29,'user29@example.com','user29',0.00,0.00,'user\r'),
(30,'user30@example.com','user30',0.00,0.00,'user\r'),
(31,'user31@example.com','user31',0.00,0.00,'user\r'),
(32,'user32@example.com','user32',0.00,0.00,'user\r'),
(33,'user33@example.com','user33',0.00,0.00,'user\r'),
(34,'user34@example.com','user34',0.00,0.00,'user\r'),
(35,'user35@example.com','user35',0.00,0.00,'user\r'),
(36,'user36@example.com','user36',0.00,0.00,'user\r'),
(37,'user37@example.com','user37',0.00,0.00,'user\r'),
(38,'user38@example.com','user38',0.00,0.00,'user\r'),
(39,'user39@example.com','user39',0.00,0.00,'user\r'),
(40,'user40@example.com','user40',0.00,0.00,'user\r'),
(41,'user41@example.com','user41',0.00,0.00,'user\r'),
(42,'user42@example.com','user42',0.00,0.00,'user\r'),
(43,'user43@example.com','user43',0.00,0.00,'user\r'),
(44,'user44@example.com','user44',0.00,0.00,'user\r'),
(45,'user45@example.com','user45',0.00,0.00,'user\r'),
(46,'user46@example.com','user46',0.00,0.00,'user\r'),
(47,'user47@example.com','user47',0.00,0.00,'user\r'),
(48,'user48@example.com','user48',0.00,0.00,'user\r'),
(49,'user49@example.com','user49',0.00,0.00,'user\r'),
(50,'user50@example.com','user50',0.00,0.00,'user\r'),
(51,'user51@example.com','user51',0.00,0.00,'user\r'),
(52,'user52@example.com','user52',0.00,0.00,'user\r'),
(53,'user53@example.com','user53',0.00,0.00,'user\r'),
(54,'user54@example.com','user54',0.00,0.00,'user\r'),
(55,'user55@example.com','user55',0.00,0.00,'user\r'),
(56,'user56@example.com','user56',0.00,0.00,'user\r'),
(57,'user57@example.com','user57',0.00,0.00,'user\r'),
(58,'user58@example.com','user58',0.00,0.00,'user\r'),
(59,'user59@example.com','user59',0.00,0.00,'user\r'),
(60,'user60@example.com','user60',0.00,0.00,'user\r'),
(61,'user61@example.com','user61',0.00,0.00,'user\r'),
(62,'user62@example.com','user62',0.00,0.00,'user\r'),
(63,'user63@example.com','user63',0.00,0.00,'user\r'),
(64,'user64@example.com','user64',0.00,0.00,'user\r'),
(65,'user65@example.com','user65',0.00,0.00,'user\r'),
(66,'user66@example.com','user66',0.00,0.00,'user\r'),
(67,'user67@example.com','user67',0.00,0.00,'user\r'),
(68,'user68@example.com','user68',0.00,0.00,'user\r'),
(69,'user69@example.com','user69',0.00,0.00,'user\r'),
(70,'user70@example.com','user70',0.00,0.00,'user\r'),
(71,'user71@example.com','user71',0.00,0.00,'user\r'),
(72,'user72@example.com','user72',0.00,0.00,'user\r'),
(73,'user73@example.com','user73',0.00,0.00,'user\r'),
(74,'user74@example.com','user74',0.00,0.00,'user\r'),
(75,'user75@example.com','user75',0.00,0.00,'user\r'),
(76,'user76@example.com','user76',0.00,0.00,'user\r'),
(77,'user77@example.com','user77',0.00,0.00,'user\r'),
(78,'user78@example.com','user78',0.00,0.00,'user\r'),
(79,'user79@example.com','user79',0.00,0.00,'user\r'),
(80,'user80@example.com','user80',0.00,0.00,'user\r'),
(81,'user81@example.com','user81',0.00,0.00,'user\r'),
(82,'user82@example.com','user82',0.00,0.00,'user\r'),
(83,'user83@example.com','user83',0.00,0.00,'user\r'),
(84,'user84@example.com','user84',0.00,0.00,'user\r'),
(85,'user85@example.com','user85',0.00,0.00,'user\r'),
(86,'user86@example.com','user86',0.00,0.00,'user\r'),
(87,'user87@example.com','user87',0.00,0.00,'user\r'),
(88,'user88@example.com','user88',0.00,0.00,'user\r'),
(89,'user89@example.com','user89',0.00,0.00,'user\r'),
(90,'user90@example.com','user90',0.00,0.00,'user\r'),
(91,'user91@example.com','user91',0.00,0.00,'user\r'),
(92,'user92@example.com','user92',0.00,0.00,'user\r'),
(93,'user93@example.com','user93',0.00,0.00,'user\r'),
(94,'user94@example.com','user94',0.00,0.00,'user\r'),
(95,'user95@example.com','user95',0.00,0.00,'user\r'),
(96,'user96@example.com','user96',0.00,0.00,'user\r'),
(97,'user97@example.com','user97',0.00,0.00,'user\r'),
(98,'user98@example.com','user98',0.00,0.00,'user\r'),
(99,'user99@example.com','user99',0.00,0.00,'user\r'),
(100,'user100@example.com','user100',0.00,0.00,'user\r'),
(101,'user101@example.com','user101',0.00,0.00,'user\r'),
(102,'user102@example.com','user102',0.00,0.00,'user\r'),
(103,'user103@example.com','user103',0.00,0.00,'user\r'),
(104,'user104@example.com','user104',0.00,0.00,'user\r'),
(105,'user105@example.com','user105',0.00,0.00,'user\r'),
(106,'user106@example.com','user106',0.00,0.00,'user\r'),
(107,'user107@example.com','user107',0.00,0.00,'user\r'),
(108,'user108@example.com','user108',0.00,0.00,'user\r'),
(109,'user109@example.com','user109',0.00,0.00,'user\r'),
(110,'user110@example.com','user110',0.00,0.00,'user\r'),
(111,'user111@example.com','user111',0.00,0.00,'user\r'),
(112,'user112@example.com','user112',0.00,0.00,'user\r'),
(113,'user113@example.com','user113',0.00,0.00,'user\r'),
(114,'user114@example.com','user114',0.00,0.00,'user\r'),
(115,'user115@example.com','user115',0.00,0.00,'user\r'),
(116,'user116@example.com','user116',0.00,0.00,'user\r'),
(117,'user117@example.com','user117',0.00,0.00,'user\r'),
(118,'user118@example.com','user118',0.00,0.00,'user\r'),
(119,'user119@example.com','user119',0.00,0.00,'user\r'),
(120,'user120@example.com','user120',0.00,0.00,'user\r'),
(121,'user121@example.com','user121',0.00,0.00,'user\r'),
(122,'user122@example.com','user122',0.00,0.00,'user\r'),
(123,'user123@example.com','user123',0.00,0.00,'user\r'),
(124,'user124@example.com','user124',0.00,0.00,'user\r'),
(125,'user125@example.com','user125',0.00,0.00,'user\r'),
(126,'user126@example.com','user126',0.00,0.00,'user\r'),
(127,'user127@example.com','user127',0.00,0.00,'user\r'),
(128,'user128@example.com','user128',0.00,0.00,'user\r'),
(129,'user129@example.com','user129',0.00,0.00,'user\r'),
(130,'user130@example.com','user130',0.00,0.00,'user\r'),
(131,'user131@example.com','user131',0.00,0.00,'user\r'),
(132,'user132@example.com','user132',0.00,0.00,'user\r'),
(133,'user133@example.com','user133',0.00,0.00,'user\r'),
(134,'user134@example.com','user134',0.00,0.00,'user\r'),
(135,'user135@example.com','user135',0.00,0.00,'user\r'),
(136,'user136@example.com','user136',0.00,0.00,'user\r'),
(137,'user137@example.com','user137',0.00,0.00,'user\r'),
(138,'user138@example.com','user138',0.00,0.00,'user\r'),
(139,'user139@example.com','user139',0.00,0.00,'user\r'),
(140,'user140@example.com','user140',0.00,0.00,'user\r'),
(141,'user141@example.com','user141',0.00,0.00,'user\r'),
(142,'user142@example.com','user142',0.00,0.00,'user\r'),
(143,'user143@example.com','user143',0.00,0.00,'user\r'),
(144,'user144@example.com','user144',0.00,0.00,'user\r'),
(145,'user145@example.com','user145',0.00,0.00,'user\r'),
(146,'user146@example.com','user146',0.00,0.00,'user\r'),
(147,'user147@example.com','user147',0.00,0.00,'user\r'),
(148,'user148@example.com','user148',0.00,0.00,'user\r'),
(149,'user149@example.com','user149',0.00,0.00,'user\r'),
(150,'user150@example.com','user150',0.00,0.00,'user\r'),
(151,'user151@example.com','user151',0.00,0.00,'user\r'),
(152,'user152@example.com','user152',0.00,0.00,'user\r'),
(153,'user153@example.com','user153',0.00,0.00,'user\r'),
(154,'user154@example.com','user154',0.00,0.00,'user\r'),
(155,'user155@example.com','user155',0.00,0.00,'user\r'),
(156,'user156@example.com','user156',0.00,0.00,'user\r'),
(157,'user157@example.com','user157',0.00,0.00,'user\r'),
(158,'user158@example.com','user158',0.00,0.00,'user\r'),
(159,'user159@example.com','user159',0.00,0.00,'user\r'),
(160,'user160@example.com','user160',0.00,0.00,'user\r'),
(161,'user161@example.com','user161',0.00,0.00,'user\r'),
(162,'user162@example.com','user162',0.00,0.00,'user\r'),
(163,'user163@example.com','user163',0.00,0.00,'user\r'),
(164,'user164@example.com','user164',0.00,0.00,'user\r'),
(165,'user165@example.com','user165',0.00,0.00,'user\r'),
(166,'user166@example.com','user166',0.00,0.00,'user\r'),
(167,'user167@example.com','user167',0.00,0.00,'user\r'),
(168,'user168@example.com','user168',0.00,0.00,'user\r'),
(169,'user169@example.com','user169',0.00,0.00,'user\r'),
(170,'user170@example.com','user170',0.00,0.00,'user\r'),
(171,'user171@example.com','user171',0.00,0.00,'user\r'),
(172,'user172@example.com','user172',0.00,0.00,'user\r'),
(173,'user173@example.com','user173',0.00,0.00,'user\r'),
(174,'user174@example.com','user174',0.00,0.00,'user\r'),
(175,'user175@example.com','user175',0.00,0.00,'user\r'),
(176,'user176@example.com','user176',0.00,0.00,'user\r'),
(177,'user177@example.com','user177',0.00,0.00,'user\r'),
(178,'user178@example.com','user178',0.00,0.00,'user\r'),
(179,'user179@example.com','user179',0.00,0.00,'user\r'),
(180,'user180@example.com','user180',0.00,0.00,'user\r'),
(181,'user181@example.com','user181',0.00,0.00,'user\r'),
(182,'user182@example.com','user182',0.00,0.00,'user\r'),
(183,'user183@example.com','user183',0.00,0.00,'user\r'),
(184,'user184@example.com','user184',0.00,0.00,'user\r'),
(185,'user185@example.com','user185',0.00,0.00,'user\r'),
(186,'user186@example.com','user186',0.00,0.00,'user\r'),
(187,'user187@example.com','user187',0.00,0.00,'user\r'),
(188,'user188@example.com','user188',0.00,0.00,'user\r'),
(189,'user189@example.com','user189',0.00,0.00,'user\r'),
(190,'user190@example.com','user190',0.00,0.00,'user\r'),
(191,'user191@example.com','user191',0.00,0.00,'user\r'),
(192,'user192@example.com','user192',0.00,0.00,'user\r'),
(193,'user193@example.com','user193',0.00,0.00,'user\r'),
(194,'user194@example.com','user194',0.00,0.00,'user\r'),
(195,'user195@example.com','user195',0.00,0.00,'user\r'),
(196,'user196@example.com','user196',0.00,0.00,'user\r'),
(197,'user197@example.com','user197',0.00,0.00,'user\r'),
(198,'user198@example.com','user198',0.00,0.00,'user\r'),
(199,'user199@example.com','user199',0.00,0.00,'user\r'),
(200,'user200@example.com','user200',0.00,0.00,'user\r'),
(201,'user201@example.com','user201',0.00,0.00,'user\r'),
(202,'user202@example.com','user202',0.00,0.00,'user\r'),
(203,'user203@example.com','user203',0.00,0.00,'user\r'),
(204,'user204@example.com','user204',0.00,0.00,'user\r'),
(205,'user205@example.com','user205',0.00,0.00,'user\r'),
(206,'user206@example.com','user206',0.00,0.00,'user\r'),
(207,'user207@example.com','user207',0.00,0.00,'user\r'),
(208,'user208@example.com','user208',0.00,0.00,'user\r'),
(209,'user209@example.com','user209',0.00,0.00,'user\r'),
(210,'user210@example.com','user210',0.00,0.00,'user\r'),
(211,'user211@example.com','user211',0.00,0.00,'user\r'),
(212,'user212@example.com','user212',0.00,0.00,'user\r'),
(213,'user213@example.com','user213',0.00,0.00,'user\r'),
(214,'user214@example.com','user214',0.00,0.00,'user\r'),
(215,'user215@example.com','user215',0.00,0.00,'user\r'),
(216,'user216@example.com','user216',0.00,0.00,'user\r'),
(217,'user217@example.com','user217',0.00,0.00,'user\r'),
(218,'user218@example.com','user218',0.00,0.00,'user\r'),
(219,'user219@example.com','user219',0.00,0.00,'user\r'),
(220,'user220@example.com','user220',0.00,0.00,'user\r'),
(221,'user221@example.com','user221',0.00,0.00,'user\r'),
(222,'user222@example.com','user222',0.00,0.00,'user\r'),
(223,'user223@example.com','user223',0.00,0.00,'user\r'),
(224,'user224@example.com','user224',0.00,0.00,'user\r'),
(225,'user225@example.com','user225',0.00,0.00,'user\r'),
(226,'user226@example.com','user226',0.00,0.00,'user\r'),
(227,'user227@example.com','user227',0.00,0.00,'user\r'),
(228,'user228@example.com','user228',0.00,0.00,'user\r'),
(229,'user229@example.com','user229',0.00,0.00,'user\r'),
(230,'user230@example.com','user230',0.00,0.00,'user\r'),
(231,'user231@example.com','user231',0.00,0.00,'user\r'),
(232,'user232@example.com','user232',0.00,0.00,'user\r'),
(233,'user233@example.com','user233',0.00,0.00,'user\r'),
(234,'user234@example.com','user234',0.00,0.00,'user\r'),
(235,'user235@example.com','user235',0.00,0.00,'user\r'),
(236,'user236@example.com','user236',0.00,0.00,'user\r'),
(237,'user237@example.com','user237',0.00,0.00,'user\r'),
(238,'user238@example.com','user238',0.00,0.00,'user\r'),
(239,'user239@example.com','user239',0.00,0.00,'user\r'),
(240,'user240@example.com','user240',0.00,0.00,'user\r'),
(241,'user241@example.com','user241',0.00,0.00,'user\r'),
(242,'user242@example.com','user242',0.00,0.00,'user\r'),
(243,'user243@example.com','user243',0.00,0.00,'user\r'),
(244,'user244@example.com','user244',0.00,0.00,'user\r'),
(245,'user245@example.com','user245',0.00,0.00,'user\r'),
(246,'user246@example.com','user246',0.00,0.00,'user\r'),
(247,'user247@example.com','user247',0.00,0.00,'user\r'),
(248,'user248@example.com','user248',0.00,0.00,'user\r'),
(249,'user249@example.com','user249',0.00,0.00,'user\r'),
(250,'user250@example.com','user250',0.00,0.00,'user\r'),
(251,'user251@example.com','user251',0.00,0.00,'user\r'),
(252,'user252@example.com','user252',0.00,0.00,'user\r'),
(253,'user253@example.com','user253',0.00,0.00,'user\r'),
(254,'user254@example.com','user254',0.00,0.00,'user\r'),
(255,'user255@example.com','user255',0.00,0.00,'user\r'),
(256,'user256@example.com','user256',0.00,0.00,'user\r'),
(257,'user257@example.com','user257',0.00,0.00,'user\r'),
(258,'user258@example.com','user258',0.00,0.00,'user\r'),
(259,'user259@example.com','user259',0.00,0.00,'user\r'),
(260,'user260@example.com','user260',0.00,0.00,'user\r'),
(261,'user261@example.com','user261',0.00,0.00,'user\r'),
(262,'user262@example.com','user262',0.00,0.00,'user\r'),
(263,'user263@example.com','user263',0.00,0.00,'user\r'),
(264,'user264@example.com','user264',0.00,0.00,'user\r'),
(265,'user265@example.com','user265',0.00,0.00,'user\r'),
(266,'user266@example.com','user266',0.00,0.00,'user\r'),
(267,'user267@example.com','user267',0.00,0.00,'user\r'),
(268,'user268@example.com','user268',0.00,0.00,'user\r'),
(269,'user269@example.com','user269',0.00,0.00,'user\r'),
(270,'user270@example.com','user270',0.00,0.00,'user\r'),
(271,'user271@example.com','user271',0.00,0.00,'user\r'),
(272,'user272@example.com','user272',0.00,0.00,'user\r'),
(273,'user273@example.com','user273',0.00,0.00,'user\r'),
(274,'user274@example.com','user274',0.00,0.00,'user\r'),
(275,'user275@example.com','user275',0.00,0.00,'user\r'),
(276,'user276@example.com','user276',0.00,0.00,'user\r'),
(277,'user277@example.com','user277',0.00,0.00,'user\r'),
(278,'user278@example.com','user278',0.00,0.00,'user\r'),
(279,'user279@example.com','user279',0.00,0.00,'user\r'),
(280,'user280@example.com','user280',0.00,0.00,'user\r'),
(281,'user281@example.com','user281',0.00,0.00,'user\r'),
(282,'user282@example.com','user282',0.00,0.00,'user\r'),
(283,'user283@example.com','user283',0.00,0.00,'user\r'),
(284,'user284@example.com','user284',0.00,0.00,'user\r'),
(285,'user285@example.com','user285',0.00,0.00,'user\r'),
(286,'user286@example.com','user286',0.00,0.00,'user\r'),
(287,'user287@example.com','user287',0.00,0.00,'user\r'),
(288,'user288@example.com','user288',0.00,0.00,'user\r'),
(289,'user289@example.com','user289',0.00,0.00,'user\r'),
(290,'user290@example.com','user290',0.00,0.00,'user\r'),
(291,'user291@example.com','user291',0.00,0.00,'user\r'),
(292,'user292@example.com','user292',0.00,0.00,'user\r'),
(293,'user293@example.com','user293',0.00,0.00,'user\r'),
(294,'user294@example.com','user294',0.00,0.00,'user\r'),
(295,'user295@example.com','user295',0.00,0.00,'user\r'),
(296,'user296@example.com','user296',0.00,0.00,'user\r'),
(297,'user297@example.com','user297',0.00,0.00,'user\r'),
(298,'user298@example.com','user298',0.00,0.00,'user\r'),
(299,'user299@example.com','user299',0.00,0.00,'user\r'),
(300,'user300@example.com','user300',0.00,0.00,'user\r'),
(301,'user301@example.com','user301',0.00,0.00,'user\r'),
(302,'user302@example.com','user302',0.00,0.00,'user\r'),
(303,'user303@example.com','user303',0.00,0.00,'user\r'),
(304,'user304@example.com','user304',0.00,0.00,'user\r'),
(305,'user305@example.com','user305',0.00,0.00,'user\r'),
(306,'user306@example.com','user306',0.00,0.00,'user\r'),
(307,'user307@example.com','user307',0.00,0.00,'user\r'),
(308,'user308@example.com','user308',0.00,0.00,'user\r'),
(309,'user309@example.com','user309',0.00,0.00,'user\r'),
(310,'user310@example.com','user310',0.00,0.00,'user\r'),
(311,'user311@example.com','user311',0.00,0.00,'user\r'),
(312,'user312@example.com','user312',0.00,0.00,'user\r'),
(313,'user313@example.com','user313',0.00,0.00,'user\r'),
(314,'user314@example.com','user314',0.00,0.00,'user\r'),
(315,'user315@example.com','user315',0.00,0.00,'user\r'),
(316,'user316@example.com','user316',0.00,0.00,'user\r'),
(317,'user317@example.com','user317',0.00,0.00,'user\r'),
(318,'user318@example.com','user318',0.00,0.00,'user\r'),
(319,'user319@example.com','user319',0.00,0.00,'user\r'),
(320,'user320@example.com','user320',0.00,0.00,'user\r'),
(321,'user321@example.com','user321',0.00,0.00,'user\r'),
(322,'user322@example.com','user322',0.00,0.00,'user\r'),
(323,'user323@example.com','user323',0.00,0.00,'user\r'),
(324,'user324@example.com','user324',0.00,0.00,'user\r'),
(325,'user325@example.com','user325',0.00,0.00,'user\r'),
(326,'user326@example.com','user326',0.00,0.00,'user\r'),
(327,'user327@example.com','user327',0.00,0.00,'user\r'),
(328,'user328@example.com','user328',0.00,0.00,'user\r'),
(329,'user329@example.com','user329',0.00,0.00,'user\r'),
(330,'user330@example.com','user330',0.00,0.00,'user\r'),
(331,'user331@example.com','user331',0.00,0.00,'user\r'),
(332,'user332@example.com','user332',0.00,0.00,'user\r'),
(333,'user333@example.com','user333',0.00,0.00,'user\r'),
(334,'user334@example.com','user334',0.00,0.00,'user\r'),
(335,'user335@example.com','user335',0.00,0.00,'user\r'),
(336,'user336@example.com','user336',0.00,0.00,'user\r'),
(337,'user337@example.com','user337',0.00,0.00,'user\r'),
(338,'user338@example.com','user338',0.00,0.00,'user\r'),
(339,'user339@example.com','user339',0.00,0.00,'user\r'),
(340,'user340@example.com','user340',0.00,0.00,'user\r'),
(341,'user341@example.com','user341',0.00,0.00,'user\r'),
(342,'user342@example.com','user342',0.00,0.00,'user\r'),
(343,'user343@example.com','user343',0.00,0.00,'user\r'),
(344,'user344@example.com','user344',0.00,0.00,'user\r'),
(345,'user345@example.com','user345',0.00,0.00,'user\r'),
(346,'user346@example.com','user346',0.00,0.00,'user\r'),
(347,'user347@example.com','user347',0.00,0.00,'user\r'),
(348,'user348@example.com','user348',0.00,0.00,'user\r'),
(349,'user349@example.com','user349',0.00,0.00,'user\r'),
(350,'user350@example.com','user350',0.00,0.00,'user\r'),
(351,'user351@example.com','user351',0.00,0.00,'user\r'),
(352,'user352@example.com','user352',0.00,0.00,'user\r'),
(353,'user353@example.com','user353',0.00,0.00,'user\r'),
(354,'user354@example.com','user354',0.00,0.00,'user\r'),
(355,'user355@example.com','user355',0.00,0.00,'user\r'),
(356,'user356@example.com','user356',0.00,0.00,'user\r'),
(357,'user357@example.com','user357',0.00,0.00,'user\r'),
(358,'user358@example.com','user358',0.00,0.00,'user\r'),
(359,'user359@example.com','user359',0.00,0.00,'user\r'),
(360,'user360@example.com','user360',0.00,0.00,'user\r'),
(361,'user361@example.com','user361',0.00,0.00,'user\r'),
(362,'user362@example.com','user362',0.00,0.00,'user\r'),
(363,'user363@example.com','user363',0.00,0.00,'user\r'),
(364,'user364@example.com','user364',0.00,0.00,'user\r'),
(365,'user365@example.com','user365',0.00,0.00,'user\r'),
(366,'user366@example.com','user366',0.00,0.00,'user\r'),
(367,'user367@example.com','user367',0.00,0.00,'user\r'),
(368,'user368@example.com','user368',0.00,0.00,'user\r'),
(369,'user369@example.com','user369',0.00,0.00,'user\r'),
(370,'user370@example.com','user370',0.00,0.00,'user\r'),
(371,'user371@example.com','user371',0.00,0.00,'user\r'),
(372,'user372@example.com','user372',0.00,0.00,'user\r'),
(373,'user373@example.com','user373',0.00,0.00,'user\r'),
(374,'user374@example.com','user374',0.00,0.00,'user\r'),
(375,'user375@example.com','user375',0.00,0.00,'user\r'),
(376,'user376@example.com','user376',0.00,0.00,'user\r'),
(377,'user377@example.com','user377',0.00,0.00,'user\r'),
(378,'user378@example.com','user378',0.00,0.00,'user\r'),
(379,'user379@example.com','user379',0.00,0.00,'user\r'),
(380,'user380@example.com','user380',0.00,0.00,'user\r'),
(381,'user381@example.com','user381',0.00,0.00,'user\r'),
(382,'user382@example.com','user382',0.00,0.00,'user\r'),
(383,'user383@example.com','user383',0.00,0.00,'user\r'),
(384,'user384@example.com','user384',0.00,0.00,'user\r'),
(385,'user385@example.com','user385',0.00,0.00,'user\r'),
(386,'user386@example.com','user386',0.00,0.00,'user\r'),
(387,'user387@example.com','user387',0.00,0.00,'user\r'),
(388,'user388@example.com','user388',0.00,0.00,'user\r'),
(389,'user389@example.com','user389',0.00,0.00,'user\r'),
(390,'user390@example.com','user390',0.00,0.00,'user\r'),
(391,'user391@example.com','user391',0.00,0.00,'user\r'),
(392,'user392@example.com','user392',0.00,0.00,'user\r'),
(393,'user393@example.com','user393',0.00,0.00,'user\r'),
(394,'user394@example.com','user394',0.00,0.00,'user\r'),
(395,'user395@example.com','user395',0.00,0.00,'user\r'),
(396,'user396@example.com','user396',0.00,0.00,'user\r'),
(397,'user397@example.com','user397',0.00,0.00,'user\r'),
(398,'user398@example.com','user398',0.00,0.00,'user\r'),
(399,'user399@example.com','user399',0.00,0.00,'user\r'),
(400,'user400@example.com','user400',0.00,0.00,'user\r'),
(401,'user401@example.com','user401',0.00,0.00,'user\r'),
(402,'user402@example.com','user402',0.00,0.00,'user\r'),
(403,'user403@example.com','user403',0.00,0.00,'user\r'),
(404,'user404@example.com','user404',0.00,0.00,'user\r'),
(405,'user405@example.com','user405',0.00,0.00,'user\r'),
(406,'user406@example.com','user406',0.00,0.00,'user\r'),
(407,'user407@example.com','user407',0.00,0.00,'user\r'),
(408,'user408@example.com','user408',0.00,0.00,'user\r'),
(409,'user409@example.com','user409',0.00,0.00,'user\r'),
(410,'user410@example.com','user410',0.00,0.00,'user\r'),
(411,'user411@example.com','user411',0.00,0.00,'user\r'),
(412,'user412@example.com','user412',0.00,0.00,'user\r'),
(413,'user413@example.com','user413',0.00,0.00,'user\r'),
(414,'user414@example.com','user414',0.00,0.00,'user\r'),
(415,'user415@example.com','user415',0.00,0.00,'user\r'),
(416,'user416@example.com','user416',0.00,0.00,'user\r'),
(417,'user417@example.com','user417',0.00,0.00,'user\r'),
(418,'user418@example.com','user418',0.00,0.00,'user\r'),
(419,'user419@example.com','user419',0.00,0.00,'user\r'),
(420,'user420@example.com','user420',0.00,0.00,'user\r'),
(421,'user421@example.com','user421',0.00,0.00,'user\r'),
(422,'user422@example.com','user422',0.00,0.00,'user\r'),
(423,'user423@example.com','user423',0.00,0.00,'user\r'),
(424,'user424@example.com','user424',0.00,0.00,'user\r'),
(425,'user425@example.com','user425',0.00,0.00,'user\r'),
(426,'user426@example.com','user426',0.00,0.00,'user\r'),
(427,'user427@example.com','user427',0.00,0.00,'user\r'),
(428,'user428@example.com','user428',0.00,0.00,'user\r'),
(429,'user429@example.com','user429',0.00,0.00,'user\r'),
(430,'user430@example.com','user430',0.00,0.00,'user\r'),
(431,'user431@example.com','user431',0.00,0.00,'user\r'),
(432,'user432@example.com','user432',0.00,0.00,'user\r'),
(433,'user433@example.com','user433',0.00,0.00,'user\r'),
(434,'user434@example.com','user434',0.00,0.00,'user\r'),
(435,'user435@example.com','user435',0.00,0.00,'user\r'),
(436,'user436@example.com','user436',0.00,0.00,'user\r'),
(437,'user437@example.com','user437',0.00,0.00,'user\r'),
(438,'user438@example.com','user438',0.00,0.00,'user\r'),
(439,'user439@example.com','user439',0.00,0.00,'user\r'),
(440,'user440@example.com','user440',0.00,0.00,'user\r'),
(441,'user441@example.com','user441',0.00,0.00,'user\r'),
(442,'user442@example.com','user442',0.00,0.00,'user\r'),
(443,'user443@example.com','user443',0.00,0.00,'user\r'),
(444,'user444@example.com','user444',0.00,0.00,'user\r'),
(445,'user445@example.com','user445',0.00,0.00,'user\r'),
(446,'user446@example.com','user446',0.00,0.00,'user\r'),
(447,'user447@example.com','user447',0.00,0.00,'user\r'),
(448,'user448@example.com','user448',0.00,0.00,'user\r'),
(449,'user449@example.com','user449',0.00,0.00,'user\r'),
(450,'user450@example.com','user450',0.00,0.00,'user\r'),
(451,'user451@example.com','user451',0.00,0.00,'user\r'),
(452,'user452@example.com','user452',0.00,0.00,'user\r'),
(453,'user453@example.com','user453',0.00,0.00,'user\r'),
(454,'user454@example.com','user454',0.00,0.00,'user\r'),
(455,'user455@example.com','user455',0.00,0.00,'user\r'),
(456,'user456@example.com','user456',0.00,0.00,'user\r'),
(457,'user457@example.com','user457',0.00,0.00,'user\r'),
(458,'user458@example.com','user458',0.00,0.00,'user\r'),
(459,'user459@example.com','user459',0.00,0.00,'user\r'),
(460,'user460@example.com','user460',0.00,0.00,'user\r'),
(461,'user461@example.com','user461',0.00,0.00,'user\r'),
(462,'user462@example.com','user462',0.00,0.00,'user\r'),
(463,'user463@example.com','user463',0.00,0.00,'user\r'),
(464,'user464@example.com','user464',0.00,0.00,'user\r'),
(465,'user465@example.com','user465',0.00,0.00,'user\r'),
(466,'user466@example.com','user466',0.00,0.00,'user\r'),
(467,'user467@example.com','user467',0.00,0.00,'user\r'),
(468,'user468@example.com','user468',0.00,0.00,'user\r'),
(469,'user469@example.com','user469',0.00,0.00,'user\r'),
(470,'user470@example.com','user470',0.00,0.00,'user\r'),
(471,'user471@example.com','user471',0.00,0.00,'user\r'),
(472,'user472@example.com','user472',0.00,0.00,'user\r'),
(473,'user473@example.com','user473',0.00,0.00,'user\r'),
(474,'user474@example.com','user474',0.00,0.00,'user\r'),
(475,'user475@example.com','user475',0.00,0.00,'user\r'),
(476,'user476@example.com','user476',0.00,0.00,'user\r'),
(477,'user477@example.com','user477',0.00,0.00,'user\r'),
(478,'user478@example.com','user478',0.00,0.00,'user\r'),
(479,'user479@example.com','user479',0.00,0.00,'user\r'),
(480,'user480@example.com','user480',0.00,0.00,'user\r'),
(481,'user481@example.com','user481',0.00,0.00,'user\r'),
(482,'user482@example.com','user482',0.00,0.00,'user\r'),
(483,'user483@example.com','user483',0.00,0.00,'user\r'),
(484,'user484@example.com','user484',0.00,0.00,'user\r'),
(485,'user485@example.com','user485',0.00,0.00,'user\r'),
(486,'user486@example.com','user486',0.00,0.00,'user\r'),
(487,'user487@example.com','user487',0.00,0.00,'user\r'),
(488,'user488@example.com','user488',0.00,0.00,'user\r'),
(489,'user489@example.com','user489',0.00,0.00,'user\r'),
(490,'user490@example.com','user490',0.00,0.00,'user\r'),
(491,'user491@example.com','user491',0.00,0.00,'user\r'),
(492,'user492@example.com','user492',0.00,0.00,'user\r'),
(493,'user493@example.com','user493',0.00,0.00,'user\r'),
(494,'user494@example.com','user494',0.00,0.00,'user\r'),
(495,'user495@example.com','user495',0.00,0.00,'user\r'),
(496,'user496@example.com','user496',0.00,0.00,'user\r'),
(497,'user497@example.com','user497',0.00,0.00,'user\r'),
(498,'user498@example.com','user498',0.00,0.00,'user\r'),
(499,'user499@example.com','user499',0.00,0.00,'user\r'),
(500,'user500@example.com','user500',0.00,0.00,'user\r'),
(501,'user501@example.com','user501',0.00,0.00,'user\r'),
(502,'user502@example.com','user502',0.00,0.00,'user\r'),
(503,'user503@example.com','user503',0.00,0.00,'user\r'),
(504,'user504@example.com','user504',0.00,0.00,'user\r'),
(505,'user505@example.com','user505',0.00,0.00,'user\r'),
(506,'user506@example.com','user506',0.00,0.00,'user\r'),
(507,'user507@example.com','user507',0.00,0.00,'user\r'),
(508,'user508@example.com','user508',0.00,0.00,'user\r'),
(509,'user509@example.com','user509',0.00,0.00,'user\r'),
(510,'user510@example.com','user510',0.00,0.00,'user\r'),
(511,'user511@example.com','user511',0.00,0.00,'user\r'),
(512,'user512@example.com','user512',0.00,0.00,'user\r'),
(513,'user513@example.com','user513',0.00,0.00,'user\r'),
(514,'user514@example.com','user514',0.00,0.00,'user\r'),
(515,'user515@example.com','user515',0.00,0.00,'user\r'),
(516,'user516@example.com','user516',0.00,0.00,'user\r'),
(517,'user517@example.com','user517',0.00,0.00,'user\r'),
(518,'user518@example.com','user518',0.00,0.00,'user\r'),
(519,'user519@example.com','user519',0.00,0.00,'user\r'),
(520,'user520@example.com','user520',0.00,0.00,'user\r'),
(521,'user521@example.com','user521',0.00,0.00,'user\r'),
(522,'user522@example.com','user522',0.00,0.00,'user\r'),
(523,'user523@example.com','user523',0.00,0.00,'user\r'),
(524,'user524@example.com','user524',0.00,0.00,'user\r'),
(525,'user525@example.com','user525',0.00,0.00,'user\r'),
(526,'user526@example.com','user526',0.00,0.00,'user\r'),
(527,'user527@example.com','user527',0.00,0.00,'user\r'),
(528,'user528@example.com','user528',0.00,0.00,'user\r'),
(529,'user529@example.com','user529',0.00,0.00,'user\r'),
(530,'user530@example.com','user530',0.00,0.00,'user\r'),
(531,'user531@example.com','user531',0.00,0.00,'user\r'),
(532,'user532@example.com','user532',0.00,0.00,'user\r'),
(533,'user533@example.com','user533',0.00,0.00,'user\r'),
(534,'user534@example.com','user534',0.00,0.00,'user\r'),
(535,'user535@example.com','user535',0.00,0.00,'user\r'),
(536,'user536@example.com','user536',0.00,0.00,'user\r'),
(537,'user537@example.com','user537',0.00,0.00,'user\r'),
(538,'user538@example.com','user538',0.00,0.00,'user\r'),
(539,'user539@example.com','user539',0.00,0.00,'user\r'),
(540,'user540@example.com','user540',0.00,0.00,'user\r'),
(541,'user541@example.com','user541',0.00,0.00,'user\r'),
(542,'user542@example.com','user542',0.00,0.00,'user\r'),
(543,'user543@example.com','user543',0.00,0.00,'user\r'),
(544,'user544@example.com','user544',0.00,0.00,'user\r'),
(545,'user545@example.com','user545',0.00,0.00,'user\r'),
(546,'user546@example.com','user546',0.00,0.00,'user\r'),
(547,'user547@example.com','user547',0.00,0.00,'user\r'),
(548,'user548@example.com','user548',0.00,0.00,'user\r'),
(549,'user549@example.com','user549',0.00,0.00,'user\r'),
(550,'user550@example.com','user550',0.00,0.00,'user\r'),
(551,'user551@example.com','user551',0.00,0.00,'user\r'),
(552,'user552@example.com','user552',0.00,0.00,'user\r'),
(553,'user553@example.com','user553',0.00,0.00,'user\r'),
(554,'user554@example.com','user554',0.00,0.00,'user\r'),
(555,'user555@example.com','user555',0.00,0.00,'user\r'),
(556,'user556@example.com','user556',0.00,0.00,'user\r'),
(557,'user557@example.com','user557',0.00,0.00,'user\r'),
(558,'user558@example.com','user558',0.00,0.00,'user\r'),
(559,'user559@example.com','user559',0.00,0.00,'user\r'),
(560,'user560@example.com','user560',0.00,0.00,'user\r'),
(561,'user561@example.com','user561',0.00,0.00,'user\r'),
(562,'user562@example.com','user562',0.00,0.00,'user\r'),
(563,'user563@example.com','user563',0.00,0.00,'user\r'),
(564,'user564@example.com','user564',0.00,0.00,'user\r'),
(565,'user565@example.com','user565',0.00,0.00,'user\r'),
(566,'user566@example.com','user566',0.00,0.00,'user\r'),
(567,'user567@example.com','user567',0.00,0.00,'user\r'),
(568,'user568@example.com','user568',0.00,0.00,'user\r'),
(569,'user569@example.com','user569',0.00,0.00,'user\r'),
(570,'user570@example.com','user570',0.00,0.00,'user\r'),
(571,'user571@example.com','user571',0.00,0.00,'user\r'),
(572,'user572@example.com','user572',0.00,0.00,'user\r'),
(573,'user573@example.com','user573',0.00,0.00,'user\r'),
(574,'user574@example.com','user574',0.00,0.00,'user\r'),
(575,'user575@example.com','user575',0.00,0.00,'user\r'),
(576,'user576@example.com','user576',0.00,0.00,'user\r'),
(577,'user577@example.com','user577',0.00,0.00,'user\r'),
(578,'user578@example.com','user578',0.00,0.00,'user\r'),
(579,'user579@example.com','user579',0.00,0.00,'user\r'),
(580,'user580@example.com','user580',0.00,0.00,'user\r'),
(581,'user581@example.com','user581',0.00,0.00,'user\r'),
(582,'user582@example.com','user582',0.00,0.00,'user\r'),
(583,'user583@example.com','user583',0.00,0.00,'user\r'),
(584,'user584@example.com','user584',0.00,0.00,'user\r'),
(585,'user585@example.com','user585',0.00,0.00,'user\r'),
(586,'user586@example.com','user586',0.00,0.00,'user\r'),
(587,'user587@example.com','user587',0.00,0.00,'user\r'),
(588,'user588@example.com','user588',0.00,0.00,'user\r'),
(589,'user589@example.com','user589',0.00,0.00,'user\r'),
(590,'user590@example.com','user590',0.00,0.00,'user\r'),
(591,'user591@example.com','user591',0.00,0.00,'user\r'),
(592,'user592@example.com','user592',0.00,0.00,'user\r'),
(593,'user593@example.com','user593',0.00,0.00,'user\r'),
(594,'user594@example.com','user594',0.00,0.00,'user\r'),
(595,'user595@example.com','user595',0.00,0.00,'user\r'),
(596,'user596@example.com','user596',0.00,0.00,'user\r'),
(597,'user597@example.com','user597',0.00,0.00,'user\r'),
(598,'user598@example.com','user598',0.00,0.00,'user\r'),
(599,'user599@example.com','user599',0.00,0.00,'user\r'),
(600,'user600@example.com','user600',0.00,0.00,'user\r'),
(601,'user601@example.com','user601',0.00,0.00,'user\r'),
(602,'user602@example.com','user602',0.00,0.00,'user\r'),
(603,'user603@example.com','user603',0.00,0.00,'user\r'),
(604,'user604@example.com','user604',0.00,0.00,'user\r'),
(605,'user605@example.com','user605',0.00,0.00,'user\r'),
(606,'user606@example.com','user606',0.00,0.00,'user\r'),
(607,'user607@example.com','user607',0.00,0.00,'user\r'),
(608,'user608@example.com','user608',0.00,0.00,'user\r'),
(609,'user609@example.com','user609',0.00,0.00,'user\r'),
(610,'user610@example.com','user610',0.00,0.00,'user\r'),
(611,'user611@example.com','user611',0.00,0.00,'user\r'),
(612,'user612@example.com','user612',0.00,0.00,'user\r'),
(613,'user613@example.com','user613',0.00,0.00,'user\r'),
(614,'user614@example.com','user614',0.00,0.00,'user\r'),
(615,'user615@example.com','user615',0.00,0.00,'user\r'),
(616,'user616@example.com','user616',0.00,0.00,'user\r'),
(617,'user617@example.com','user617',0.00,0.00,'user\r'),
(618,'user618@example.com','user618',0.00,0.00,'user\r'),
(619,'user619@example.com','user619',0.00,0.00,'user\r'),
(620,'user620@example.com','user620',0.00,0.00,'user\r'),
(621,'user621@example.com','user621',0.00,0.00,'user\r'),
(622,'user622@example.com','user622',0.00,0.00,'user\r'),
(623,'user623@example.com','user623',0.00,0.00,'user\r'),
(624,'user624@example.com','user624',0.00,0.00,'user\r'),
(625,'user625@example.com','user625',0.00,0.00,'user\r'),
(626,'user626@example.com','user626',0.00,0.00,'user\r'),
(627,'user627@example.com','user627',0.00,0.00,'user\r'),
(628,'user628@example.com','user628',0.00,0.00,'user\r'),
(629,'user629@example.com','user629',0.00,0.00,'user\r'),
(630,'user630@example.com','user630',0.00,0.00,'user\r'),
(631,'user631@example.com','user631',0.00,0.00,'user\r'),
(632,'user632@example.com','user632',0.00,0.00,'user\r'),
(633,'user633@example.com','user633',0.00,0.00,'user\r'),
(634,'user634@example.com','user634',0.00,0.00,'user\r'),
(635,'user635@example.com','user635',0.00,0.00,'user\r'),
(636,'user636@example.com','user636',0.00,0.00,'user\r'),
(637,'user637@example.com','user637',0.00,0.00,'user\r'),
(638,'user638@example.com','user638',0.00,0.00,'user\r'),
(639,'user639@example.com','user639',0.00,0.00,'user\r'),
(640,'user640@example.com','user640',0.00,0.00,'user\r'),
(641,'user641@example.com','user641',0.00,0.00,'user\r'),
(642,'user642@example.com','user642',0.00,0.00,'user\r'),
(643,'user643@example.com','user643',0.00,0.00,'user\r'),
(644,'user644@example.com','user644',0.00,0.00,'user\r'),
(645,'user645@example.com','user645',0.00,0.00,'user\r'),
(646,'user646@example.com','user646',0.00,0.00,'user\r'),
(647,'user647@example.com','user647',0.00,0.00,'user\r'),
(648,'user648@example.com','user648',0.00,0.00,'user\r'),
(649,'user649@example.com','user649',0.00,0.00,'user\r'),
(650,'user650@example.com','user650',0.00,0.00,'user\r'),
(651,'user651@example.com','user651',0.00,0.00,'user\r'),
(652,'user652@example.com','user652',0.00,0.00,'user\r'),
(653,'user653@example.com','user653',0.00,0.00,'user\r'),
(654,'user654@example.com','user654',0.00,0.00,'user\r'),
(655,'user655@example.com','user655',0.00,0.00,'user\r'),
(656,'user656@example.com','user656',0.00,0.00,'user\r'),
(657,'user657@example.com','user657',0.00,0.00,'user\r'),
(658,'user658@example.com','user658',0.00,0.00,'user\r'),
(659,'user659@example.com','user659',0.00,0.00,'user\r'),
(660,'user660@example.com','user660',0.00,0.00,'user\r'),
(661,'user661@example.com','user661',0.00,0.00,'user\r'),
(662,'user662@example.com','user662',0.00,0.00,'user\r'),
(663,'user663@example.com','user663',0.00,0.00,'user\r'),
(664,'user664@example.com','user664',0.00,0.00,'user\r'),
(665,'user665@example.com','user665',0.00,0.00,'user\r'),
(666,'user666@example.com','user666',0.00,0.00,'user\r'),
(667,'user667@example.com','user667',0.00,0.00,'user\r'),
(668,'user668@example.com','user668',0.00,0.00,'user\r'),
(669,'user669@example.com','user669',0.00,0.00,'user\r'),
(670,'user670@example.com','user670',0.00,0.00,'user\r'),
(671,'user671@example.com','user671',0.00,0.00,'user\r'),
(672,'user672@example.com','user672',0.00,0.00,'user\r'),
(673,'user673@example.com','user673',0.00,0.00,'user\r'),
(674,'user674@example.com','user674',0.00,0.00,'user\r'),
(675,'user675@example.com','user675',0.00,0.00,'user\r'),
(676,'user676@example.com','user676',0.00,0.00,'user\r'),
(677,'user677@example.com','user677',0.00,0.00,'user\r'),
(678,'user678@example.com','user678',0.00,0.00,'user\r'),
(679,'user679@example.com','user679',0.00,0.00,'user\r'),
(680,'user680@example.com','user680',0.00,0.00,'user\r'),
(681,'user681@example.com','user681',0.00,0.00,'user\r'),
(682,'user682@example.com','user682',0.00,0.00,'user\r'),
(683,'user683@example.com','user683',0.00,0.00,'user\r'),
(684,'user684@example.com','user684',0.00,0.00,'user\r'),
(685,'user685@example.com','user685',0.00,0.00,'user\r'),
(686,'user686@example.com','user686',0.00,0.00,'user\r'),
(687,'user687@example.com','user687',0.00,0.00,'user\r'),
(688,'user688@example.com','user688',0.00,0.00,'user\r'),
(689,'user689@example.com','user689',0.00,0.00,'user\r'),
(690,'user690@example.com','user690',0.00,0.00,'user\r'),
(691,'user691@example.com','user691',0.00,0.00,'user\r'),
(692,'user692@example.com','user692',0.00,0.00,'user\r'),
(693,'user693@example.com','user693',0.00,0.00,'user\r'),
(694,'user694@example.com','user694',0.00,0.00,'user\r'),
(695,'user695@example.com','user695',0.00,0.00,'user\r'),
(696,'user696@example.com','user696',0.00,0.00,'user\r'),
(697,'user697@example.com','user697',0.00,0.00,'user\r'),
(698,'user698@example.com','user698',0.00,0.00,'user\r'),
(699,'user699@example.com','user699',0.00,0.00,'user\r'),
(700,'user700@example.com','user700',0.00,0.00,'user\r'),
(701,'user701@example.com','user701',0.00,0.00,'user\r'),
(702,'user702@example.com','user702',0.00,0.00,'user\r'),
(703,'user703@example.com','user703',0.00,0.00,'user\r'),
(704,'user704@example.com','user704',0.00,0.00,'user\r'),
(705,'user705@example.com','user705',0.00,0.00,'user\r'),
(706,'user706@example.com','user706',0.00,0.00,'user\r'),
(707,'user707@example.com','user707',0.00,0.00,'user\r'),
(708,'user708@example.com','user708',0.00,0.00,'user\r'),
(709,'user709@example.com','user709',0.00,0.00,'user\r'),
(710,'user710@example.com','user710',0.00,0.00,'user\r'),
(711,'user711@example.com','user711',0.00,0.00,'user\r'),
(712,'user712@example.com','user712',0.00,0.00,'user\r'),
(713,'user713@example.com','user713',0.00,0.00,'user\r'),
(714,'user714@example.com','user714',0.00,0.00,'user\r'),
(715,'user715@example.com','user715',0.00,0.00,'user\r'),
(716,'user716@example.com','user716',0.00,0.00,'user\r'),
(717,'user717@example.com','user717',0.00,0.00,'user\r'),
(718,'user718@example.com','user718',0.00,0.00,'user\r'),
(719,'user719@example.com','user719',0.00,0.00,'user\r'),
(720,'user720@example.com','user720',0.00,0.00,'user\r'),
(721,'user721@example.com','user721',0.00,0.00,'user\r'),
(722,'user722@example.com','user722',0.00,0.00,'user\r'),
(723,'user723@example.com','user723',0.00,0.00,'user\r'),
(724,'user724@example.com','user724',0.00,0.00,'user\r'),
(725,'user725@example.com','user725',0.00,0.00,'user\r'),
(726,'user726@example.com','user726',0.00,0.00,'user\r'),
(727,'user727@example.com','user727',0.00,0.00,'user\r'),
(728,'user728@example.com','user728',0.00,0.00,'user\r'),
(729,'user729@example.com','user729',0.00,0.00,'user\r'),
(730,'user730@example.com','user730',0.00,0.00,'user\r'),
(731,'user731@example.com','user731',0.00,0.00,'user\r'),
(732,'user732@example.com','user732',0.00,0.00,'user\r'),
(733,'user733@example.com','user733',0.00,0.00,'user\r'),
(734,'user734@example.com','user734',0.00,0.00,'user\r'),
(735,'user735@example.com','user735',0.00,0.00,'user\r'),
(736,'user736@example.com','user736',0.00,0.00,'user\r'),
(737,'user737@example.com','user737',0.00,0.00,'user\r'),
(738,'user738@example.com','user738',0.00,0.00,'user\r'),
(739,'user739@example.com','user739',0.00,0.00,'user\r'),
(740,'user740@example.com','user740',0.00,0.00,'user\r'),
(741,'user741@example.com','user741',0.00,0.00,'user\r'),
(742,'user742@example.com','user742',0.00,0.00,'user\r'),
(743,'user743@example.com','user743',0.00,0.00,'user\r'),
(744,'user744@example.com','user744',0.00,0.00,'user\r'),
(745,'user745@example.com','user745',0.00,0.00,'user\r'),
(746,'user746@example.com','user746',0.00,0.00,'user\r'),
(747,'user747@example.com','user747',0.00,0.00,'user\r'),
(748,'user748@example.com','user748',0.00,0.00,'user\r'),
(749,'user749@example.com','user749',0.00,0.00,'user\r'),
(750,'user750@example.com','user750',0.00,0.00,'user\r'),
(751,'user751@example.com','user751',0.00,0.00,'user\r'),
(752,'user752@example.com','user752',0.00,0.00,'user\r'),
(753,'user753@example.com','user753',0.00,0.00,'user\r'),
(754,'user754@example.com','user754',0.00,0.00,'user\r'),
(755,'user755@example.com','user755',0.00,0.00,'user\r'),
(756,'user756@example.com','user756',0.00,0.00,'user\r'),
(757,'user757@example.com','user757',0.00,0.00,'user\r'),
(758,'user758@example.com','user758',0.00,0.00,'user\r'),
(759,'user759@example.com','user759',0.00,0.00,'user\r'),
(760,'user760@example.com','user760',0.00,0.00,'user\r'),
(761,'user761@example.com','user761',0.00,0.00,'user\r'),
(762,'user762@example.com','user762',0.00,0.00,'user\r'),
(763,'user763@example.com','user763',0.00,0.00,'user\r'),
(764,'user764@example.com','user764',0.00,0.00,'user\r'),
(765,'user765@example.com','user765',0.00,0.00,'user\r'),
(766,'user766@example.com','user766',0.00,0.00,'user\r'),
(767,'user767@example.com','user767',0.00,0.00,'user\r'),
(768,'user768@example.com','user768',0.00,0.00,'user\r'),
(769,'user769@example.com','user769',0.00,0.00,'user\r'),
(770,'user770@example.com','user770',0.00,0.00,'user\r'),
(771,'user771@example.com','user771',0.00,0.00,'user\r'),
(772,'user772@example.com','user772',0.00,0.00,'user\r'),
(773,'user773@example.com','user773',0.00,0.00,'user\r'),
(774,'user774@example.com','user774',0.00,0.00,'user\r'),
(775,'user775@example.com','user775',0.00,0.00,'user\r'),
(776,'user776@example.com','user776',0.00,0.00,'user\r'),
(777,'user777@example.com','user777',0.00,0.00,'user\r'),
(778,'user778@example.com','user778',0.00,0.00,'user\r'),
(779,'user779@example.com','user779',0.00,0.00,'user\r'),
(780,'user780@example.com','user780',0.00,0.00,'user\r'),
(781,'user781@example.com','user781',0.00,0.00,'user\r'),
(782,'user782@example.com','user782',0.00,0.00,'user\r'),
(783,'user783@example.com','user783',0.00,0.00,'user\r'),
(784,'user784@example.com','user784',0.00,0.00,'user\r'),
(785,'user785@example.com','user785',0.00,0.00,'user\r'),
(786,'user786@example.com','user786',0.00,0.00,'user\r'),
(787,'user787@example.com','user787',0.00,0.00,'user\r'),
(788,'user788@example.com','user788',0.00,0.00,'user\r'),
(789,'user789@example.com','user789',0.00,0.00,'user\r'),
(790,'user790@example.com','user790',0.00,0.00,'user\r'),
(791,'user791@example.com','user791',0.00,0.00,'user\r'),
(792,'user792@example.com','user792',0.00,0.00,'user\r'),
(793,'user793@example.com','user793',0.00,0.00,'user\r'),
(794,'user794@example.com','user794',0.00,0.00,'user\r'),
(795,'user795@example.com','user795',0.00,0.00,'user\r'),
(796,'user796@example.com','user796',0.00,0.00,'user\r'),
(797,'user797@example.com','user797',0.00,0.00,'user\r'),
(798,'user798@example.com','user798',0.00,0.00,'user\r'),
(799,'user799@example.com','user799',0.00,0.00,'user\r'),
(800,'user800@example.com','user800',0.00,0.00,'user\r'),
(801,'user801@example.com','user801',0.00,0.00,'user\r'),
(802,'user802@example.com','user802',0.00,0.00,'user\r'),
(803,'user803@example.com','user803',0.00,0.00,'user\r'),
(804,'user804@example.com','user804',0.00,0.00,'user\r'),
(805,'user805@example.com','user805',0.00,0.00,'user\r'),
(806,'user806@example.com','user806',0.00,0.00,'user\r'),
(807,'user807@example.com','user807',0.00,0.00,'user\r'),
(808,'user808@example.com','user808',0.00,0.00,'user\r'),
(809,'user809@example.com','user809',0.00,0.00,'user\r'),
(810,'user810@example.com','user810',0.00,0.00,'user\r'),
(811,'user811@example.com','user811',0.00,0.00,'user\r'),
(812,'user812@example.com','user812',0.00,0.00,'user\r'),
(813,'user813@example.com','user813',0.00,0.00,'user\r'),
(814,'user814@example.com','user814',0.00,0.00,'user\r'),
(815,'user815@example.com','user815',0.00,0.00,'user\r'),
(816,'user816@example.com','user816',0.00,0.00,'user\r'),
(817,'user817@example.com','user817',0.00,0.00,'user\r'),
(818,'user818@example.com','user818',0.00,0.00,'user\r'),
(819,'user819@example.com','user819',0.00,0.00,'user\r'),
(820,'user820@example.com','user820',0.00,0.00,'user\r'),
(821,'user821@example.com','user821',0.00,0.00,'user\r'),
(822,'user822@example.com','user822',0.00,0.00,'user\r'),
(823,'user823@example.com','user823',0.00,0.00,'user\r'),
(824,'user824@example.com','user824',0.00,0.00,'user\r'),
(825,'user825@example.com','user825',0.00,0.00,'user\r'),
(826,'user826@example.com','user826',0.00,0.00,'user\r'),
(827,'user827@example.com','user827',0.00,0.00,'user\r'),
(828,'user828@example.com','user828',0.00,0.00,'user\r'),
(829,'user829@example.com','user829',0.00,0.00,'user\r'),
(830,'user830@example.com','user830',0.00,0.00,'user\r'),
(831,'user831@example.com','user831',0.00,0.00,'user\r'),
(832,'user832@example.com','user832',0.00,0.00,'user\r'),
(833,'user833@example.com','user833',0.00,0.00,'user\r'),
(834,'user834@example.com','user834',0.00,0.00,'user\r'),
(835,'user835@example.com','user835',0.00,0.00,'user\r'),
(836,'user836@example.com','user836',0.00,0.00,'user\r'),
(837,'user837@example.com','user837',0.00,0.00,'user\r'),
(838,'user838@example.com','user838',0.00,0.00,'user\r'),
(839,'user839@example.com','user839',0.00,0.00,'user\r'),
(840,'user840@example.com','user840',0.00,0.00,'user\r'),
(841,'user841@example.com','user841',0.00,0.00,'user\r'),
(842,'user842@example.com','user842',0.00,0.00,'user\r'),
(843,'user843@example.com','user843',0.00,0.00,'user\r'),
(844,'user844@example.com','user844',0.00,0.00,'user\r'),
(845,'user845@example.com','user845',0.00,0.00,'user\r'),
(846,'user846@example.com','user846',0.00,0.00,'user\r'),
(847,'user847@example.com','user847',0.00,0.00,'user\r'),
(848,'user848@example.com','user848',0.00,0.00,'user\r'),
(849,'user849@example.com','user849',0.00,0.00,'user\r'),
(850,'user850@example.com','user850',0.00,0.00,'user\r'),
(851,'user851@example.com','user851',0.00,0.00,'user\r'),
(852,'user852@example.com','user852',0.00,0.00,'user\r'),
(853,'user853@example.com','user853',0.00,0.00,'user\r'),
(854,'user854@example.com','user854',0.00,0.00,'user\r'),
(855,'user855@example.com','user855',0.00,0.00,'user\r'),
(856,'user856@example.com','user856',0.00,0.00,'user\r'),
(857,'user857@example.com','user857',0.00,0.00,'user\r'),
(858,'user858@example.com','user858',0.00,0.00,'user\r'),
(859,'user859@example.com','user859',0.00,0.00,'user\r'),
(860,'user860@example.com','user860',0.00,0.00,'user\r'),
(861,'user861@example.com','user861',0.00,0.00,'user\r'),
(862,'user862@example.com','user862',0.00,0.00,'user\r'),
(863,'user863@example.com','user863',0.00,0.00,'user\r'),
(864,'user864@example.com','user864',0.00,0.00,'user\r'),
(865,'user865@example.com','user865',0.00,0.00,'user\r'),
(866,'user866@example.com','user866',0.00,0.00,'user\r'),
(867,'user867@example.com','user867',0.00,0.00,'user\r'),
(868,'user868@example.com','user868',0.00,0.00,'user\r'),
(869,'user869@example.com','user869',0.00,0.00,'user\r'),
(870,'user870@example.com','user870',0.00,0.00,'user\r'),
(871,'user871@example.com','user871',0.00,0.00,'user\r'),
(872,'user872@example.com','user872',0.00,0.00,'user\r'),
(873,'user873@example.com','user873',0.00,0.00,'user\r'),
(874,'user874@example.com','user874',0.00,0.00,'user\r'),
(875,'user875@example.com','user875',0.00,0.00,'user\r'),
(876,'user876@example.com','user876',0.00,0.00,'user\r'),
(877,'user877@example.com','user877',0.00,0.00,'user\r'),
(878,'user878@example.com','user878',0.00,0.00,'user\r'),
(879,'user879@example.com','user879',0.00,0.00,'user\r'),
(880,'user880@example.com','user880',0.00,0.00,'user\r'),
(881,'user881@example.com','user881',0.00,0.00,'user\r'),
(882,'user882@example.com','user882',0.00,0.00,'user\r'),
(883,'user883@example.com','user883',0.00,0.00,'user\r'),
(884,'user884@example.com','user884',0.00,0.00,'user\r'),
(885,'user885@example.com','user885',0.00,0.00,'user\r'),
(886,'user886@example.com','user886',0.00,0.00,'user\r'),
(887,'user887@example.com','user887',0.00,0.00,'user\r'),
(888,'user888@example.com','user888',0.00,0.00,'user\r'),
(889,'user889@example.com','user889',0.00,0.00,'user\r'),
(890,'user890@example.com','user890',0.00,0.00,'user\r'),
(891,'user891@example.com','user891',0.00,0.00,'user\r'),
(892,'user892@example.com','user892',0.00,0.00,'user\r'),
(893,'user893@example.com','user893',0.00,0.00,'user\r'),
(894,'user894@example.com','user894',0.00,0.00,'user\r'),
(895,'user895@example.com','user895',0.00,0.00,'user\r'),
(896,'user896@example.com','user896',0.00,0.00,'user\r'),
(897,'user897@example.com','user897',0.00,0.00,'user\r'),
(898,'user898@example.com','user898',0.00,0.00,'user\r'),
(899,'user899@example.com','user899',0.00,0.00,'user\r'),
(900,'user900@example.com','user900',0.00,0.00,'user\r'),
(901,'user901@example.com','user901',0.00,0.00,'user\r'),
(902,'user902@example.com','user902',0.00,0.00,'user\r'),
(903,'user903@example.com','user903',0.00,0.00,'user\r'),
(904,'user904@example.com','user904',0.00,0.00,'user\r'),
(905,'user905@example.com','user905',0.00,0.00,'user\r'),
(906,'user906@example.com','user906',0.00,0.00,'user\r'),
(907,'user907@example.com','user907',0.00,0.00,'user\r'),
(908,'user908@example.com','user908',0.00,0.00,'user\r'),
(909,'user909@example.com','user909',0.00,0.00,'user\r'),
(910,'user910@example.com','user910',0.00,0.00,'user\r'),
(911,'user911@example.com','user911',0.00,0.00,'user\r'),
(912,'user912@example.com','user912',0.00,0.00,'user\r'),
(913,'user913@example.com','user913',0.00,0.00,'user\r'),
(914,'user914@example.com','user914',0.00,0.00,'user\r'),
(915,'user915@example.com','user915',0.00,0.00,'user\r'),
(916,'user916@example.com','user916',0.00,0.00,'user\r'),
(917,'user917@example.com','user917',0.00,0.00,'user\r'),
(918,'user918@example.com','user918',0.00,0.00,'user\r'),
(919,'user919@example.com','user919',0.00,0.00,'user\r'),
(920,'user920@example.com','user920',0.00,0.00,'user\r'),
(921,'user921@example.com','user921',0.00,0.00,'user\r'),
(922,'user922@example.com','user922',0.00,0.00,'user\r'),
(923,'user923@example.com','user923',0.00,0.00,'user\r'),
(924,'user924@example.com','user924',0.00,0.00,'user\r'),
(925,'user925@example.com','user925',0.00,0.00,'user\r'),
(926,'user926@example.com','user926',0.00,0.00,'user\r'),
(927,'user927@example.com','user927',0.00,0.00,'user\r'),
(928,'user928@example.com','user928',0.00,0.00,'user\r'),
(929,'user929@example.com','user929',0.00,0.00,'user\r'),
(930,'user930@example.com','user930',0.00,0.00,'user\r'),
(931,'user931@example.com','user931',0.00,0.00,'user\r'),
(932,'user932@example.com','user932',0.00,0.00,'user\r'),
(933,'user933@example.com','user933',0.00,0.00,'user\r'),
(934,'user934@example.com','user934',0.00,0.00,'user\r'),
(935,'user935@example.com','user935',0.00,0.00,'user\r'),
(936,'user936@example.com','user936',0.00,0.00,'user\r'),
(937,'user937@example.com','user937',0.00,0.00,'user\r'),
(938,'user938@example.com','user938',0.00,0.00,'user\r'),
(939,'user939@example.com','user939',0.00,0.00,'user\r'),
(940,'user940@example.com','user940',0.00,0.00,'user\r'),
(941,'user941@example.com','user941',0.00,0.00,'user\r'),
(942,'user942@example.com','user942',0.00,0.00,'user\r'),
(943,'user943@example.com','user943',0.00,0.00,'user\r'),
(944,'user944@example.com','user944',0.00,0.00,'user\r'),
(945,'user945@example.com','user945',0.00,0.00,'user\r'),
(946,'user946@example.com','user946',0.00,0.00,'user\r'),
(947,'user947@example.com','user947',0.00,0.00,'user\r'),
(948,'user948@example.com','user948',0.00,0.00,'user\r'),
(949,'user949@example.com','user949',0.00,0.00,'user\r'),
(950,'user950@example.com','user950',0.00,0.00,'user\r'),
(951,'user951@example.com','user951',0.00,0.00,'user\r'),
(952,'user952@example.com','user952',0.00,0.00,'user\r'),
(953,'user953@example.com','user953',0.00,0.00,'user\r'),
(954,'user954@example.com','user954',0.00,0.00,'user\r'),
(955,'user955@example.com','user955',0.00,0.00,'user\r'),
(956,'user956@example.com','user956',0.00,0.00,'user\r'),
(957,'user957@example.com','user957',0.00,0.00,'user\r'),
(958,'user958@example.com','user958',0.00,0.00,'user\r'),
(959,'user959@example.com','user959',0.00,0.00,'user\r'),
(960,'user960@example.com','user960',0.00,0.00,'user\r'),
(961,'user961@example.com','user961',0.00,0.00,'user\r'),
(962,'user962@example.com','user962',0.00,0.00,'user\r'),
(963,'user963@example.com','user963',0.00,0.00,'user\r'),
(964,'user964@example.com','user964',0.00,0.00,'user\r'),
(965,'user965@example.com','user965',0.00,0.00,'user\r'),
(966,'user966@example.com','user966',0.00,0.00,'user\r'),
(967,'user967@example.com','user967',0.00,0.00,'user\r'),
(968,'user968@example.com','user968',0.00,0.00,'user\r'),
(969,'user969@example.com','user969',0.00,0.00,'user\r'),
(970,'user970@example.com','user970',0.00,0.00,'user\r'),
(971,'user971@example.com','user971',0.00,0.00,'user\r'),
(972,'user972@example.com','user972',0.00,0.00,'user\r'),
(973,'user973@example.com','user973',0.00,0.00,'user\r'),
(974,'user974@example.com','user974',0.00,0.00,'user\r'),
(975,'user975@example.com','user975',0.00,0.00,'user\r'),
(976,'user976@example.com','user976',0.00,0.00,'user\r'),
(977,'user977@example.com','user977',0.00,0.00,'user\r'),
(978,'user978@example.com','user978',0.00,0.00,'user\r'),
(979,'user979@example.com','user979',0.00,0.00,'user\r'),
(980,'user980@example.com','user980',0.00,0.00,'user\r'),
(981,'user981@example.com','user981',0.00,0.00,'user\r'),
(982,'user982@example.com','user982',0.00,0.00,'user\r'),
(983,'user983@example.com','user983',0.00,0.00,'user\r'),
(984,'user984@example.com','user984',0.00,0.00,'user\r'),
(985,'user985@example.com','user985',0.00,0.00,'user\r'),
(986,'user986@example.com','user986',0.00,0.00,'user\r'),
(987,'user987@example.com','user987',0.00,0.00,'user\r'),
(988,'user988@example.com','user988',0.00,0.00,'user\r'),
(989,'user989@example.com','user989',0.00,0.00,'user\r'),
(990,'user990@example.com','user990',0.00,0.00,'user\r'),
(991,'user991@example.com','user991',0.00,0.00,'user\r'),
(992,'user992@example.com','user992',0.00,0.00,'user\r'),
(993,'user993@example.com','user993',0.00,0.00,'user\r'),
(994,'user994@example.com','user994',0.00,0.00,'user\r'),
(995,'user995@example.com','user995',0.00,0.00,'user\r'),
(996,'user996@example.com','user996',0.00,0.00,'user\r'),
(997,'user997@example.com','user997',0.00,0.00,'user\r'),
(998,'user998@example.com','user998',0.00,0.00,'user\r'),
(999,'user999@example.com','user999',0.00,0.00,'user\r'),
(1000,'user1000@example.com','user1000',0.00,0.00,'user\r');
/*!40000 ALTER TABLE `users` ENABLE KEYS */;
UNLOCK TABLES;

--
-- Dumping routines for database 'magicbike'
--
/*!50003 SET @saved_sql_mode       = @@sql_mode */ ;
/*!50003 SET sql_mode              = 'STRICT_TRANS_TABLES,ERROR_FOR_DIVISION_BY_ZERO,NO_AUTO_CREATE_USER,NO_ENGINE_SUBSTITUTION' */ ;
/*!50003 DROP PROCEDURE IF EXISTS `book_bike` */;
/*!50003 SET @saved_cs_client      = @@character_set_client */ ;
/*!50003 SET @saved_cs_results     = @@character_set_results */ ;
/*!50003 SET @saved_col_connection = @@collation_connection */ ;
/*!50003 SET character_set_client  = utf8mb3 */ ;
/*!50003 SET character_set_results = utf8mb3 */ ;
/*!50003 SET collation_connection  = utf8mb3_general_ci */ ;
DELIMITER ;;
CREATE DEFINER=`admin`@`%` PROCEDURE `book_bike`(
    in_bike_id INT,
    in_user_id VARCHAR(255)
)
BEGIN
    UPDATE bike
    set bike_status = false, currentuser = in_user_id
    WHERE id = in_bike_id;
END ;;
DELIMITER ;
/*!50003 SET sql_mode              = @saved_sql_mode */ ;
/*!50003 SET character_set_client  = @saved_cs_client */ ;
/*!50003 SET character_set_results = @saved_cs_results */ ;
/*!50003 SET collation_connection  = @saved_col_connection */ ;
/*!50003 SET @saved_sql_mode       = @@sql_mode */ ;
/*!50003 SET sql_mode              = 'STRICT_TRANS_TABLES,ERROR_FOR_DIVISION_BY_ZERO,NO_AUTO_CREATE_USER,NO_ENGINE_SUBSTITUTION' */ ;
/*!50003 DROP PROCEDURE IF EXISTS `create_bike` */;
/*!50003 SET @saved_cs_client      = @@character_set_client */ ;
/*!50003 SET @saved_cs_results     = @@character_set_results */ ;
/*!50003 SET @saved_col_connection = @@collation_connection */ ;
/*!50003 SET character_set_client  = utf8mb3 */ ;
/*!50003 SET character_set_results = utf8mb3 */ ;
/*!50003 SET collation_connection  = utf8mb3_general_ci */ ;
DELIMITER ;;
CREATE DEFINER=`admin`@`%` PROCEDURE `create_bike`(
    IN in_gps VARCHAR(255),
    IN in_city VARCHAR(255)
)
BEGIN
    INSERT INTO bike (gps, city)
    VALUES (in_gps, in_city);
END ;;
DELIMITER ;
/*!50003 SET sql_mode              = @saved_sql_mode */ ;
/*!50003 SET character_set_client  = @saved_cs_client */ ;
/*!50003 SET character_set_results = @saved_cs_results */ ;
/*!50003 SET collation_connection  = @saved_col_connection */ ;
/*!50003 SET @saved_sql_mode       = @@sql_mode */ ;
/*!50003 SET sql_mode              = 'STRICT_TRANS_TABLES,ERROR_FOR_DIVISION_BY_ZERO,NO_AUTO_CREATE_USER,NO_ENGINE_SUBSTITUTION' */ ;
/*!50003 DROP PROCEDURE IF EXISTS `create_user` */;
/*!50003 SET @saved_cs_client      = @@character_set_client */ ;
/*!50003 SET @saved_cs_results     = @@character_set_results */ ;
/*!50003 SET @saved_col_connection = @@collation_connection */ ;
/*!50003 SET character_set_client  = utf8mb3 */ ;
/*!50003 SET character_set_results = utf8mb3 */ ;
/*!50003 SET collation_connection  = utf8mb3_general_ci */ ;
DELIMITER ;;
CREATE DEFINER=`admin`@`%` PROCEDURE `create_user`(
    IN in_email VARCHAR(255),
    IN in_username VARCHAR(255)
)
BEGIN
    INSERT INTO users (email, username, balance, debt, role)
    VALUES (in_email, in_username, 0.00, 0.00, 'user');
END ;;
DELIMITER ;
/*!50003 SET sql_mode              = @saved_sql_mode */ ;
/*!50003 SET character_set_client  = @saved_cs_client */ ;
/*!50003 SET character_set_results = @saved_cs_results */ ;
/*!50003 SET collation_connection  = @saved_col_connection */ ;
/*!50003 SET @saved_sql_mode       = @@sql_mode */ ;
/*!50003 SET sql_mode              = 'STRICT_TRANS_TABLES,ERROR_FOR_DIVISION_BY_ZERO,NO_AUTO_CREATE_USER,NO_ENGINE_SUBSTITUTION' */ ;
/*!50003 DROP PROCEDURE IF EXISTS `delete_user` */;
/*!50003 SET @saved_cs_client      = @@character_set_client */ ;
/*!50003 SET @saved_cs_results     = @@character_set_results */ ;
/*!50003 SET @saved_col_connection = @@collation_connection */ ;
/*!50003 SET character_set_client  = utf8mb3 */ ;
/*!50003 SET character_set_results = utf8mb3 */ ;
/*!50003 SET collation_connection  = utf8mb3_general_ci */ ;
DELIMITER ;;
CREATE DEFINER=`admin`@`%` PROCEDURE `delete_user`(IN username_param VARCHAR(255))
BEGIN
    DELETE FROM users WHERE username = username_param;
END ;;
DELIMITER ;
/*!50003 SET sql_mode              = @saved_sql_mode */ ;
/*!50003 SET character_set_client  = @saved_cs_client */ ;
/*!50003 SET character_set_results = @saved_cs_results */ ;
/*!50003 SET collation_connection  = @saved_col_connection */ ;
/*!50003 SET @saved_sql_mode       = @@sql_mode */ ;
/*!50003 SET sql_mode              = 'STRICT_TRANS_TABLES,ERROR_FOR_DIVISION_BY_ZERO,NO_AUTO_CREATE_USER,NO_ENGINE_SUBSTITUTION' */ ;
/*!50003 DROP PROCEDURE IF EXISTS `get_all_bikes` */;
/*!50003 SET @saved_cs_client      = @@character_set_client */ ;
/*!50003 SET @saved_cs_results     = @@character_set_results */ ;
/*!50003 SET @saved_col_connection = @@collation_connection */ ;
/*!50003 SET character_set_client  = utf8mb3 */ ;
/*!50003 SET character_set_results = utf8mb3 */ ;
/*!50003 SET collation_connection  = utf8mb3_general_ci */ ;
DELIMITER ;;
CREATE DEFINER=`admin`@`%` PROCEDURE `get_all_bikes`()
BEGIN
    SELECT * FROM bike;
END ;;
DELIMITER ;
/*!50003 SET sql_mode              = @saved_sql_mode */ ;
/*!50003 SET character_set_client  = @saved_cs_client */ ;
/*!50003 SET character_set_results = @saved_cs_results */ ;
/*!50003 SET collation_connection  = @saved_col_connection */ ;
/*!50003 SET @saved_sql_mode       = @@sql_mode */ ;
/*!50003 SET sql_mode              = 'STRICT_TRANS_TABLES,ERROR_FOR_DIVISION_BY_ZERO,NO_AUTO_CREATE_USER,NO_ENGINE_SUBSTITUTION' */ ;
/*!50003 DROP PROCEDURE IF EXISTS `get_all_stations` */;
/*!50003 SET @saved_cs_client      = @@character_set_client */ ;
/*!50003 SET @saved_cs_results     = @@character_set_results */ ;
/*!50003 SET @saved_col_connection = @@collation_connection */ ;
/*!50003 SET character_set_client  = utf8mb3 */ ;
/*!50003 SET character_set_results = utf8mb3 */ ;
/*!50003 SET collation_connection  = utf8mb3_general_ci */ ;
DELIMITER ;;
CREATE DEFINER=`admin`@`%` PROCEDURE `get_all_stations`()
BEGIN
    SELECT * FROM station;
END ;;
DELIMITER ;
/*!50003 SET sql_mode              = @saved_sql_mode */ ;
/*!50003 SET character_set_client  = @saved_cs_client */ ;
/*!50003 SET character_set_results = @saved_cs_results */ ;
/*!50003 SET collation_connection  = @saved_col_connection */ ;
/*!50003 SET @saved_sql_mode       = @@sql_mode */ ;
/*!50003 SET sql_mode              = 'STRICT_TRANS_TABLES,ERROR_FOR_DIVISION_BY_ZERO,NO_AUTO_CREATE_USER,NO_ENGINE_SUBSTITUTION' */ ;
/*!50003 DROP PROCEDURE IF EXISTS `get_all_users` */;
/*!50003 SET @saved_cs_client      = @@character_set_client */ ;
/*!50003 SET @saved_cs_results     = @@character_set_results */ ;
/*!50003 SET @saved_col_connection = @@collation_connection */ ;
/*!50003 SET character_set_client  = utf8mb3 */ ;
/*!50003 SET character_set_results = utf8mb3 */ ;
/*!50003 SET collation_connection  = utf8mb3_general_ci */ ;
DELIMITER ;;
CREATE DEFINER=`admin`@`%` PROCEDURE `get_all_users`()
BEGIN
    SELECT * FROM users;
END ;;
DELIMITER ;
/*!50003 SET sql_mode              = @saved_sql_mode */ ;
/*!50003 SET character_set_client  = @saved_cs_client */ ;
/*!50003 SET character_set_results = @saved_cs_results */ ;
/*!50003 SET collation_connection  = @saved_col_connection */ ;
/*!50003 SET @saved_sql_mode       = @@sql_mode */ ;
/*!50003 SET sql_mode              = 'STRICT_TRANS_TABLES,ERROR_FOR_DIVISION_BY_ZERO,NO_AUTO_CREATE_USER,NO_ENGINE_SUBSTITUTION' */ ;
/*!50003 DROP PROCEDURE IF EXISTS `get_bike_by_id` */;
/*!50003 SET @saved_cs_client      = @@character_set_client */ ;
/*!50003 SET @saved_cs_results     = @@character_set_results */ ;
/*!50003 SET @saved_col_connection = @@collation_connection */ ;
/*!50003 SET character_set_client  = utf8mb3 */ ;
/*!50003 SET character_set_results = utf8mb3 */ ;
/*!50003 SET collation_connection  = utf8mb3_general_ci */ ;
DELIMITER ;;
CREATE DEFINER=`admin`@`%` PROCEDURE `get_bike_by_id`(
    IN bike_id INT
)
BEGIN
    SELECT * FROM bike WHERE id = bike_id;
END ;;
DELIMITER ;
/*!50003 SET sql_mode              = @saved_sql_mode */ ;
/*!50003 SET character_set_client  = @saved_cs_client */ ;
/*!50003 SET character_set_results = @saved_cs_results */ ;
/*!50003 SET collation_connection  = @saved_col_connection */ ;
/*!50003 SET @saved_sql_mode       = @@sql_mode */ ;
/*!50003 SET sql_mode              = 'STRICT_TRANS_TABLES,ERROR_FOR_DIVISION_BY_ZERO,NO_AUTO_CREATE_USER,NO_ENGINE_SUBSTITUTION' */ ;
/*!50003 DROP PROCEDURE IF EXISTS `get_user` */;
/*!50003 SET @saved_cs_client      = @@character_set_client */ ;
/*!50003 SET @saved_cs_results     = @@character_set_results */ ;
/*!50003 SET @saved_col_connection = @@collation_connection */ ;
/*!50003 SET character_set_client  = utf8mb3 */ ;
/*!50003 SET character_set_results = utf8mb3 */ ;
/*!50003 SET collation_connection  = utf8mb3_general_ci */ ;
DELIMITER ;;
CREATE DEFINER=`admin`@`%` PROCEDURE `get_user`(IN username_param VARCHAR(255))
BEGIN
    SELECT * FROM users WHERE username = username_param;
END ;;
DELIMITER ;
/*!50003 SET sql_mode              = @saved_sql_mode */ ;
/*!50003 SET character_set_client  = @saved_cs_client */ ;
/*!50003 SET character_set_results = @saved_cs_results */ ;
/*!50003 SET collation_connection  = @saved_col_connection */ ;
/*!50003 SET @saved_sql_mode       = @@sql_mode */ ;
/*!50003 SET sql_mode              = 'STRICT_TRANS_TABLES,ERROR_FOR_DIVISION_BY_ZERO,NO_AUTO_CREATE_USER,NO_ENGINE_SUBSTITUTION' */ ;
/*!50003 DROP PROCEDURE IF EXISTS `get_user_log` */;
/*!50003 SET @saved_cs_client      = @@character_set_client */ ;
/*!50003 SET @saved_cs_results     = @@character_set_results */ ;
/*!50003 SET @saved_col_connection = @@collation_connection */ ;
/*!50003 SET character_set_client  = utf8mb3 */ ;
/*!50003 SET character_set_results = utf8mb3 */ ;
/*!50003 SET collation_connection  = utf8mb3_general_ci */ ;
DELIMITER ;;
CREATE DEFINER=`admin`@`%` PROCEDURE `get_user_log`(IN username_param VARCHAR(255))
BEGIN
    SELECT u.id AS user_id, u.username, ul.log_time, ul.log_data
    FROM users u
    JOIN user_log ul ON u.id = ul.id
    WHERE u.username = username_param;
END ;;
DELIMITER ;
/*!50003 SET sql_mode              = @saved_sql_mode */ ;
/*!50003 SET character_set_client  = @saved_cs_client */ ;
/*!50003 SET character_set_results = @saved_cs_results */ ;
/*!50003 SET collation_connection  = @saved_col_connection */ ;
/*!50003 SET @saved_sql_mode       = @@sql_mode */ ;
/*!50003 SET sql_mode              = 'STRICT_TRANS_TABLES,ERROR_FOR_DIVISION_BY_ZERO,NO_AUTO_CREATE_USER,NO_ENGINE_SUBSTITUTION' */ ;
/*!50003 DROP PROCEDURE IF EXISTS `get_user_role` */;
/*!50003 SET @saved_cs_client      = @@character_set_client */ ;
/*!50003 SET @saved_cs_results     = @@character_set_results */ ;
/*!50003 SET @saved_col_connection = @@collation_connection */ ;
/*!50003 SET character_set_client  = utf8mb3 */ ;
/*!50003 SET character_set_results = utf8mb3 */ ;
/*!50003 SET collation_connection  = utf8mb3_general_ci */ ;
DELIMITER ;;
CREATE DEFINER=`admin`@`%` PROCEDURE `get_user_role`(IN username_param VARCHAR(255))
BEGIN
    SELECT role FROM users
    where username = username_param;
END ;;
DELIMITER ;
/*!50003 SET sql_mode              = @saved_sql_mode */ ;
/*!50003 SET character_set_client  = @saved_cs_client */ ;
/*!50003 SET character_set_results = @saved_cs_results */ ;
/*!50003 SET collation_connection  = @saved_col_connection */ ;
/*!50003 SET @saved_sql_mode       = @@sql_mode */ ;
/*!50003 SET sql_mode              = 'STRICT_TRANS_TABLES,ERROR_FOR_DIVISION_BY_ZERO,NO_AUTO_CREATE_USER,NO_ENGINE_SUBSTITUTION' */ ;
/*!50003 DROP PROCEDURE IF EXISTS `return_bike` */;
/*!50003 SET @saved_cs_client      = @@character_set_client */ ;
/*!50003 SET @saved_cs_results     = @@character_set_results */ ;
/*!50003 SET @saved_col_connection = @@collation_connection */ ;
/*!50003 SET character_set_client  = utf8mb3 */ ;
/*!50003 SET character_set_results = utf8mb3 */ ;
/*!50003 SET collation_connection  = utf8mb3_general_ci */ ;
DELIMITER ;;
CREATE DEFINER=`admin`@`%` PROCEDURE `return_bike`(
    in_bike_id INT
)
BEGIN 
    UPDATE bike
    set bike_status = true, currentuser = null
    WHERE id = in_bike_id;
END ;;
DELIMITER ;
/*!50003 SET sql_mode              = @saved_sql_mode */ ;
/*!50003 SET character_set_client  = @saved_cs_client */ ;
/*!50003 SET character_set_results = @saved_cs_results */ ;
/*!50003 SET collation_connection  = @saved_col_connection */ ;
/*!50003 SET @saved_sql_mode       = @@sql_mode */ ;
/*!50003 SET sql_mode              = 'STRICT_TRANS_TABLES,ERROR_FOR_DIVISION_BY_ZERO,NO_AUTO_CREATE_USER,NO_ENGINE_SUBSTITUTION' */ ;
/*!50003 DROP PROCEDURE IF EXISTS `update_bike_position` */;
/*!50003 SET @saved_cs_client      = @@character_set_client */ ;
/*!50003 SET @saved_cs_results     = @@character_set_results */ ;
/*!50003 SET @saved_col_connection = @@collation_connection */ ;
/*!50003 SET character_set_client  = utf8mb3 */ ;
/*!50003 SET character_set_results = utf8mb3 */ ;
/*!50003 SET collation_connection  = utf8mb3_general_ci */ ;
DELIMITER ;;
CREATE DEFINER=`admin`@`%` PROCEDURE `update_bike_position`(
    IN in_id INT,
    IN in_gps VARCHAR(255)
)
BEGIN
    UPDATE bike
    SET gps = in_gps
    WHERE id = in_id;
END ;;
DELIMITER ;
/*!50003 SET sql_mode              = @saved_sql_mode */ ;
/*!50003 SET character_set_client  = @saved_cs_client */ ;
/*!50003 SET character_set_results = @saved_cs_results */ ;
/*!50003 SET collation_connection  = @saved_col_connection */ ;
/*!50003 SET @saved_sql_mode       = @@sql_mode */ ;
/*!50003 SET sql_mode              = 'STRICT_TRANS_TABLES,ERROR_FOR_DIVISION_BY_ZERO,NO_AUTO_CREATE_USER,NO_ENGINE_SUBSTITUTION' */ ;
/*!50003 DROP PROCEDURE IF EXISTS `update_user_balance` */;
/*!50003 SET @saved_cs_client      = @@character_set_client */ ;
/*!50003 SET @saved_cs_results     = @@character_set_results */ ;
/*!50003 SET @saved_col_connection = @@collation_connection */ ;
/*!50003 SET character_set_client  = utf8mb3 */ ;
/*!50003 SET character_set_results = utf8mb3 */ ;
/*!50003 SET collation_connection  = utf8mb3_general_ci */ ;
DELIMITER ;;
CREATE DEFINER=`admin`@`%` PROCEDURE `update_user_balance`(
    IN in_username VARCHAR(255),
    IN in_balance DECIMAL(10,2)
)
BEGIN
    UPDATE users
    SET balance = balance + in_balance
    WHERE username = in_username;
END ;;
DELIMITER ;
/*!50003 SET sql_mode              = @saved_sql_mode */ ;
/*!50003 SET character_set_client  = @saved_cs_client */ ;
/*!50003 SET character_set_results = @saved_cs_results */ ;
/*!50003 SET collation_connection  = @saved_col_connection */ ;
/*!40103 SET TIME_ZONE=@OLD_TIME_ZONE */;

/*!40101 SET SQL_MODE=@OLD_SQL_MODE */;
/*!40014 SET FOREIGN_KEY_CHECKS=@OLD_FOREIGN_KEY_CHECKS */;
/*!40014 SET UNIQUE_CHECKS=@OLD_UNIQUE_CHECKS */;
/*!40101 SET CHARACTER_SET_CLIENT=@OLD_CHARACTER_SET_CLIENT */;
/*!40101 SET CHARACTER_SET_RESULTS=@OLD_CHARACTER_SET_RESULTS */;
/*!40101 SET COLLATION_CONNECTION=@OLD_COLLATION_CONNECTION */;
/*!40111 SET SQL_NOTES=@OLD_SQL_NOTES */;

-- Dump completed on 2025-01-16 19:55:47
